case_index,case_type,target,event_name,link_id,contact_ratio,direction,force_N,duration_s,success,recovery_time_s,saturation_fraction,fail_reason,final_angle_error_rad,final_velocity_norm,final_cart_abs_m,max_angle_error_rad,max_velocity_norm,max_abs_x_m,max_abs_u_cmd_N,max_Q_external_norm,pass_finite,pass_force_applied,pass_recovered_final,pass_rail,pass_saturation,pass_recovery_time,x_after_force,xdot_after_force,theta1_after_force,theta1dot_after_force,theta2_after_force,theta2dot_after_force,planner_selected_variant,planner_selected_cost,recovery_roa_score,recovery_margin_score,primary_fail_reason,planner_try_opt,planner_opt_used_trajectory,planner_local_cost,planner_opt_cost,planner_decision_reason,planner_force_takeover,planner_tried_variants,planner_candidate_validation_vector
1,target_recovery,up_up,link1_ratio0.25_right_1N,1,0.25,right,1,0.08,1,1.11022302462516e-16,0,PASS,2.00203240688021e-06,2.69777670518643e-05,2.91088010052568e-05,0.0982317889573435,0.772596208561391,0.221366627892923,4.55855920406899,1.00778221852959,1,1,1,1,1,1,0.0226420490634582,0.373937668575653,3.16289596356864,0.598550559194394,3.1596320973373,0.213518913946214,local_lqr,-1999.54425917367,9.86511827664007e-05,0.0999979979675931,PASS,0,0,-1999.54425917367,NaN,BEST50_LOCKED_BASELINE_PASS_VARIANT_local_lqr,0,local_lqr,BEST50_LOCK_PASS_pass_rail_pass_angle_pass_velocity_pass_cart_pass_saturation_pass_settled_window
2,target_recovery,up_up,link1_ratio0.25_left_1N,1,0.25,left,1,0.08,1,1.11022302462516e-16,0,PASS,2.17056518297767e-06,2.85341796068912e-05,3.02166996302539e-05,0.0956854541703597,0.755867072447773,0.240300333340396,4.59243880237331,1.00778221848519,1,1,1,1,1,1,-0.0095483050735469,-0.351701381190056,3.1215961938538,-0.592469596266159,3.12432450033482,-0.206746523102957,local_lqr,-1999.50530683072,0.000104958753958939,0.099997829434817,PASS,0,0,-1999.50530683072,NaN,BEST50_LOCKED_BASELINE_PASS_VARIANT_local_lqr,0,local_lqr,BEST50_LOCK_PASS_pass_rail_pass_angle_pass_velocity_pass_cart_pass_saturation_pass_settled_window
3,target_recovery,up_up,link1_ratio0.50_right_1N,1,0.5,right,1,0.08,1,0.45,0.00111049416990561,PASS,4.23752181253183e-06,5.71311173414757e-05,6.16677817801438e-05,0.189618676472011,1.78772721448722,0.46855498294838,15,1.03077640616812,1,1,1,1,1,1,0.0394025644932847,0.851761669514662,3.18498491126381,1.4816085498187,3.17715158156361,0.338353625378102,local_lqr,-1998.5548180167,0.00298512451441007,0.0999957624781875,PASS,0,0,-1998.5548180167,NaN,BEST50_LOCKED_BASELINE_PASS_VARIANT_local_lqr,0,local_lqr,BEST50_LOCK_PASS_pass_rail_pass_angle_pass_velocity_pass_cart_pass_saturation_pass_settled_window
4,target_recovery,up_up,link1_ratio0.50_left_1N,1,0.5,left,1,0.08,1,0.44,0.00111049416990561,PASS,4.39383774804459e-06,5.85001039735124e-05,6.25552826528417e-05,0.187133055325382,1.77180154413326,0.48605738250021,15,1.03077640429114,1,1,1,1,1,1,-0.0262980451170346,-0.829274011470144,3.09953476913094,-1.47490865553607,3.10679551843767,-0.331761781956788,local_lqr,-1998.52881259698,0.00299076642708625,0.099995606162252,PASS,0,0,-1998.52881259698,NaN,BEST50_LOCKED_BASELINE_PASS_VARIANT_local_lqr,0,local_lqr,BEST50_LOCK_PASS_pass_rail_pass_angle_pass_velocity_pass_cart_pass_saturation_pass_settled_window
5,target_recovery,up_up,link1_ratio0.75_right_1N,1,0.75,right,1,0.08,1,3.34,0.00277623542476402,PASS,8.49160802795126e-06,1.19835848078632e-05,2.40597320763003e-05,0.316048764679577,2.25815168453987,1.54121858731949,15,1.06800046357555,1,1,1,1,1,1,0.0515134748974584,1.13013015827533,3.19510051945322,1.84747173541602,3.19866352203085,0.639455270199364,traj_cart_safe,-1992.81239040986,0.12825063091355,0.0999915083919721,PASS,0,1,-1996.70887692159,NaN,BEST50_LOCKED_BASELINE_PASS_VARIANT_traj_cart_safe,0,traj_cart_safe,BEST50_LOCK_PASS_pass_rail_pass_angle_pass_velocity_pass_cart_pass_saturation_pass_settled_window
6,target_recovery,up_up,link1_ratio0.75_left_1N,1,0.75,left,1,0.08,1,3.31,0.00277623542476402,PASS,8.04894165226117e-06,1.02790630075294e-05,2.42412123988126e-05,0.3137236065266,2.23770780335477,1.5658260282451,15,1.06800046357555,1,1,1,1,1,1,-0.0383800369969636,-1.10629764561707,3.08949452758842,-1.83726737334714,3.08525624401428,-0.634129257171764,traj_cart_safe,-1992.60285338934,0.166097247465681,0.0999919510583477,PASS,0,1,-1996.66666903099,NaN,BEST50_LOCKED_BASELINE_PASS_VARIANT_traj_cart_safe,0,traj_cart_safe,BEST50_LOCK_PASS_pass_rail_pass_angle_pass_velocity_pass_cart_pass_saturation_pass_settled_window
7,target_recovery,up_up,link1_ratio1.00_right_1N,1,1,right,1,0.08,0,NaN,0.147327249022164,FINAL_STATE_OUTSIDE_RECOVERY_GATE|CART_RAIL_LIMIT_EXCEEDED|NO_SETTLED_RECOVERY_WINDOW,1.71516664317896,6.3118400460478,1.82580773369456,4.41931736731346,31.9994347127961,1.95702086050349,15,1.11803398813473,1,1,0,0,1,0,0.0558387350297497,1.18348369354118,3.1848758188567,1.61444160739146,3.22736852047368,1.16648973849937,lib_target_upup_l1_r100_right_ratekill,10620912.4124903,45.2683117198124,-1.61516664317896,FINAL_STATE_OUTSIDE_RECOVERY_GATE,1,1,10652117.308408,10620853.8172066,NO_TRAJ_CANDIDATE_PASSED_BEST_NONLOCAL_SELECTED_FAIL_fail_rail_fail_angle_fail_velocity_fail_cart_pass_saturation_fail_settled_window,1,local_lqr|ss_hs01_g01|ss_hs01_g02|ss_hs01_g03|ss_hs01_g04|ss_hs01_g05|ss_hs01_g06|ss_hs01_g07|ss_hs01_g08|ss_hs01_g09|ss_hs01_g10|ss_hs01_g11|ss_hs01_g12|ss_hs01_g13|ss_hs01_g14|ss_hs01_g15|ss_hs01_g16|ss_hs01_g17|ss_hs01_g18|ss_hs01_railclamp|ss_hs01_anglecatch|ss_hs01_latehandoff|lib_target_upup_l1_r100_right_angle|lib_target_upup_l1_r100_right_sweep|lib_target_upup_l1_r100_right_ratekill|upup_force_l1_ratio100_autotune|upup_force_l1_ratio100_ratekill|upup_force_l1_ratio100_latehandoff|upup_phase_l1_ratio100|upup_phase_energy_sweep|upup_phase_after_switch|upup_force_after_switch_autotune|upup_phase_rail_guard|hard_catch_upup_l2_high_contact|hard_catch_upup_l1_ratio1|hard_catch_energy_angle|roa_traj_tvlqr_nominal|traj_cart_safe|terminal_upup_l2_high_contact|terminal_upup_l1_ratio1|emergency_rail_safe_takeover|upup_force_l2_ratio075_autotune|upup_force_l2_ratio100_autotune|upup_force_l2_ratio075_ratekill|upup_force_l2_ratio100_ratekill|upup_phase_l2_ratio075|upup_phase_l2_ratio100|hard_catch_rail_barrier,LOCAL_BASELINE|FAIL_fail_rail_fail_angle_fail_velocity_fail_cart_pass_saturation_fail_settled_window|FAIL_fail_rail_fail_angle_fail_velocity_pass_cart_pass_saturation_fail_settled_window|FAIL_fail_rail_fail_angle_fail_velocity_pass_cart_pass_saturation_fail_settled_window|FAIL_fail_rail_fail_angle_fail_velocity_pass_cart_pass_saturation_fail_settled_window|FAIL_fail_rail_fail_angle_fail_velocity_pass_cart_pass_saturation_fail_settled_window|FAIL_fail_rail_fail_angle_fail_velocity_pass_cart_pass_saturation_fail_settled_window|FAIL_fail_rail_fail_angle_fail_velocity_fail_cart_pass_saturation_fail_settled_window|FAIL_fail_rail_fail_angle_fail_velocity_pass_cart_pass_saturation_fail_settled_window|FAIL_fail_rail_fail_angle_fail_velocity_pass_cart_pass_saturation_fail_settled_window|FAIL_fail_rail_fail_angle_fail_velocity_pass_cart_pass_saturation_fail_settled_window|FAIL_fail_rail_fail_angle_fail_velocity_pass_cart_pass_saturation_fail_settled_window|FAIL_fail_rail_fail_angle_fail_velocity_pass_cart_pass_saturation_fail_settled_window|FAIL_fail_rail_fail_angle_fail_velocity_pass_cart_pass_saturation_fail_settled_window|FAIL_fail_rail_fail_angle_fail_velocity_pass_cart_pass_saturation_fail_settled_window|FAIL_fail_rail_fail_angle_fail_velocity_fail_cart_pass_saturation_fail_settled_window|FAIL_fail_rail_fail_angle_fail_velocity_pass_cart_pass_saturation_fail_settled_window|FAIL_fail_rail_fail_angle_fail_velocity_pass_cart_pass_saturation_fail_settled_window|FAIL_fail_rail_fail_angle_fail_velocity_pass_cart_pass_saturation_fail_settled_window|FAIL_fail_rail_fail_angle_fail_velocity_pass_cart_pass_saturation_fail_settled_window|FAIL_fail_rail_fail_angle_fail_velocity_pass_cart_pass_saturation_fail_settled_window|FAIL_fail_rail_fail_angle_fail_velocity_pass_cart_pass_saturation_fail_settled_window|FAIL_fail_rail_fail_angle_fail_velocity_pass_cart_pass_saturation_fail_settled_window|FAIL_fail_rail_fail_angle_fail_velocity_pass_cart_pass_saturation_fail_settled_window|FAIL_fail_rail_fail_angle_fail_velocity_fail_cart_pass_saturation_fail_settled_window|FAIL_fail_rail_fail_angle_fail_velocity_pass_cart_pass_saturation_fail_settled_window|FAIL_fail_rail_fail_angle_fail_velocity_pass_cart_pass_saturation_fail_settled_window|FAIL_fail_rail_fail_angle_fail_velocity_fail_cart_pass_saturation_fail_settled_window|FAIL_fail_rail_fail_angle_fail_velocity_pass_cart_pass_saturation_fail_settled_window|FAIL_fail_rail_fail_angle_fail_velocity_pass_cart_pass_saturation_fail_settled_window|FAIL_fail_rail_fail_angle_fail_velocity_fail_cart_pass_saturation_fail_settled_window|FAIL_fail_rail_fail_angle_fail_velocity_pass_cart_pass_saturation_fail_settled_window|FAIL_fail_rail_fail_angle_fail_velocity_pass_cart_pass_saturation_fail_settled_window|FAIL_fail_rail_fail_angle_fail_velocity_pass_cart_pass_saturation_fail_settled_window|FAIL_fail_rail_fail_angle_fail_velocity_pass_cart_pass_saturation_fail_settled_window|FAIL_fail_rail_fail_angle_fail_velocity_pass_cart_pass_saturation_fail_settled_window|FAIL_fail_rail_fail_angle_fail_velocity_pass_cart_fail_saturation_fail_settled_window|FAIL_fail_rail_fail_angle_fail_velocity_pass_cart_pass_saturation_fail_settled_window|FAIL_fail_rail_fail_angle_fail_velocity_pass_cart_pass_saturation_fail_settled_window|FAIL_fail_rail_fail_angle_fail_velocity_pass_cart_pass_saturation_fail_settled_window|FAIL_fail_rail_fail_angle_fail_velocity_pass_cart_pass_saturation_fail_settled_window|FAIL_fail_rail_fail_angle_fail_velocity_fail_cart_pass_saturation_fail_settled_window|FAIL_fail_rail_fail_angle_fail_velocity_pass_cart_pass_saturation_fail_settled_window|FAIL_fail_rail_fail_angle_fail_velocity_pass_cart_pass_saturation_fail_settled_window|FAIL_fail_rail_fail_angle_fail_velocity_pass_cart_pass_saturation_fail_settled_window|FAIL_fail_rail_fail_angle_fail_velocity_pass_cart_pass_saturation_fail_settled_window|FAIL_fail_rail_fail_angle_fail_velocity_pass_cart_pass_saturation_fail_settled_window|FAIL_fail_rail_fail_angle_fail_velocity_fail_cart_pass_saturation_fail_settled_window
8,target_recovery,up_up,link1_ratio1.00_left_1N,1,1,left,1,0.08,0,NaN,0.086484137331595,FINAL_STATE_OUTSIDE_RECOVERY_GATE|NO_SETTLED_RECOVERY_WINDOW,3.18032081218138,6.84451790315831,1.54750965175901,4.42198331931873,34.7082481258653,1.85849994193799,15,1.11803398095653,1,1,0,1,1,0,-0.0426684740883526,-1.15902722430111,3.09981783171589,-1.6023969924535,3.05651189448282,-1.16217255089876,terminal_upup_l2_high_contact,121576.244406756,74.7614997557737,-3.08032081218138,FINAL_STATE_OUTSIDE_RECOVERY_GATE,1,1,10651542.9834272,121576.244406756,NO_TRAJ_CANDIDATE_PASSED_BEST_NONLOCAL_SELECTED_FAIL_pass_rail_fail_angle_fail_velocity_pass_cart_pass_saturation_fail_settled_window,1,local_lqr|ss_hs02_g01|ss_hs02_g02|ss_hs02_g03|ss_hs02_g04|ss_hs02_g05|ss_hs02_g06|ss_hs02_g07|ss_hs02_g08|ss_hs02_g09|ss_hs02_g10|ss_hs02_g11|ss_hs02_g12|ss_hs02_g13|ss_hs02_g14|ss_hs02_g15|ss_hs02_g16|ss_hs02_g17|ss_hs02_g18|ss_hs02_railclamp|ss_hs02_anglecatch|ss_hs02_latehandoff|lib_target_upup_l1_r100_left_angle|lib_target_upup_l1_r100_left_sweep|lib_target_upup_l1_r100_left_ratekill|upup_force_l1_ratio100_autotune|upup_force_l1_ratio100_ratekill|upup_force_l1_ratio100_latehandoff|upup_phase_l1_ratio100|upup_phase_energy_sweep|upup_phase_after_switch|upup_force_after_switch_autotune|upup_phase_rail_guard|hard_catch_upup_l2_high_contact|hard_catch_upup_l1_ratio1|hard_catch_energy_angle|roa_traj_tvlqr_nominal|traj_cart_safe|terminal_upup_l2_high_contact|terminal_upup_l1_ratio1|emergency_rail_safe_takeover|upup_force_l2_ratio075_autotune|upup_force_l2_ratio100_autotune|upup_force_l2_ratio075_ratekill|upup_force_l2_ratio100_ratekill|upup_phase_l2_ratio075|upup_phase_l2_ratio100|hard_catch_rail_barrier,LOCAL_BASELINE|FAIL_fail_rail_fail_angle_fail_velocity_pass_cart_pass_saturation_fail_settled_window|FAIL_fail_rail_fail_angle_fail_velocity_pass_cart_pass_saturation_fail_settled_window|FAIL_fail_rail_fail_angle_fail_velocity_pass_cart_pass_saturation_fail_settled_window|FAIL_fail_rail_fail_angle_fail_velocity_pass_cart_pass_saturation_fail_settled_window|FAIL_fail_rail_fail_angle_fail_velocity_fail_cart_pass_saturation_fail_settled_window|FAIL_fail_rail_fail_angle_fail_velocity_fail_cart_pass_saturation_fail_settled_window|FAIL_fail_rail_fail_angle_fail_velocity_fail_cart_pass_saturation_fail_settled_window|FAIL_fail_rail_fail_angle_fail_velocity_fail_cart_pass_saturation_fail_settled_window|FAIL_fail_rail_fail_angle_fail_velocity_pass_cart_pass_saturation_fail_settled_window|FAIL_fail_rail_fail_angle_fail_velocity_pass_cart_pass_saturation_fail_settled_window|FAIL_fail_rail_fail_angle_fail_velocity_pass_cart_pass_saturation_fail_settled_window|FAIL_fail_rail_fail_angle_fail_velocity_pass_cart_pass_saturation_fail_settled_window|FAIL_fail_rail_fail_angle_fail_velocity_pass_cart_pass_saturation_fail_settled_window|FAIL_fail_rail_fail_angle_fail_velocity_pass_cart_pass_saturation_fail_settled_window|FAIL_fail_rail_fail_angle_fail_velocity_pass_cart_pass_saturation_fail_settled_window|FAIL_fail_rail_fail_angle_fail_velocity_fail_cart_pass_saturation_fail_settled_window|FAIL_fail_rail_fail_angle_fail_velocity_pass_cart_pass_saturation_fail_settled_window|FAIL_fail_rail_fail_angle_fail_velocity_pass_cart_pass_saturation_fail_settled_window|FAIL_fail_rail_fail_angle_fail_velocity_pass_cart_pass_saturation_fail_settled_window|FAIL_fail_rail_fail_angle_fail_velocity_pass_cart_pass_saturation_fail_settled_window|FAIL_fail_rail_fail_angle_fail_velocity_pass_cart_pass_saturation_fail_settled_window|FAIL_fail_rail_fail_angle_fail_velocity_pass_cart_pass_saturation_fail_settled_window|FAIL_fail_rail_fail_angle_fail_velocity_pass_cart_pass_saturation_fail_settled_window|FAIL_fail_rail_fail_angle_fail_velocity_pass_cart_pass_saturation_fail_settled_window|FAIL_fail_rail_fail_angle_fail_velocity_pass_cart_pass_saturation_fail_settled_window|FAIL_fail_rail_fail_angle_fail_velocity_fail_cart_pass_saturation_fail_settled_window|FAIL_fail_rail_fail_angle_fail_velocity_fail_cart_pass_saturation_fail_settled_window|FAIL_fail_rail_fail_angle_fail_velocity_pass_cart_pass_saturation_fail_settled_window|FAIL_fail_rail_fail_angle_fail_velocity_fail_cart_pass_saturation_fail_settled_window|FAIL_fail_rail_fail_angle_fail_velocity_pass_cart_pass_saturation_fail_settled_window|FAIL_fail_rail_fail_angle_fail_velocity_pass_cart_pass_saturation_fail_settled_window|FAIL_fail_rail_fail_angle_fail_velocity_pass_cart_pass_saturation_fail_settled_window|FAIL_fail_rail_fail_angle_fail_velocity_fail_cart_pass_saturation_fail_settled_window|FAIL_fail_rail_fail_angle_fail_velocity_pass_cart_pass_saturation_fail_settled_window|FAIL_fail_rail_fail_angle_fail_velocity_fail_cart_pass_saturation_fail_settled_window|FAIL_fail_rail_fail_angle_fail_velocity_fail_cart_pass_saturation_fail_settled_window|FAIL_fail_rail_fail_angle_fail_velocity_pass_cart_pass_saturation_fail_settled_window|FAIL_pass_rail_fail_angle_fail_velocity_pass_cart_pass_saturation_fail_settled_window|FAIL_fail_rail_fail_angle_fail_velocity_fail_cart_pass_saturation_fail_settled_window|FAIL_fail_rail_fail_angle_fail_velocity_pass_cart_pass_saturation_fail_settled_window|FAIL_fail_rail_fail_angle_fail_velocity_fail_cart_pass_saturation_fail_settled_window|FAIL_fail_rail_fail_angle_fail_velocity_pass_cart_pass_saturation_fail_settled_window|FAIL_fail_rail_fail_angle_fail_velocity_pass_cart_pass_saturation_fail_settled_window|FAIL_fail_rail_fail_angle_fail_velocity_pass_cart_pass_saturation_fail_settled_window|FAIL_fail_rail_fail_angle_fail_velocity_pass_cart_pass_saturation_fail_settled_window|FAIL_fail_rail_fail_angle_fail_velocity_pass_cart_pass_saturation_fail_settled_window|FAIL_fail_rail_fail_angle_fail_velocity_fail_cart_pass_saturation_fail_settled_window
9,target_recovery,up_up,link2_ratio0.25_right_1N,2,0.25,right,1,0.08,1,0.84,0,PASS,6.08721814900469e-06,1.68162561873952e-05,1.10906365472967e-05,0.164448084594037,0.921498036287561,0.756909344069697,9.30178787818427,1.12499999225377,1,1,1,1,1,1,0.0300858213768273,0.608227820280727,3.14984844624927,0.646830472947561,3.16536619399211,0.246633105614029,traj_cart_safe,-1997.60422249933,0.000152792088544518,0.099993912781851,PASS,0,1,-1999.34246853882,NaN,BEST50_LOCKED_BASELINE_PASS_VARIANT_traj_cart_safe,0,traj_cart_safe,BEST50_LOCK_PASS_pass_rail_pass_angle_pass_velocity_pass_cart_pass_saturation_pass_settled_window
10,target_recovery,up_up,link2_ratio0.25_left_1N,2,0.25,left,1,0.08,1,0.82,0,PASS,6.08810968612242e-06,1.66802205956242e-05,1.11813474004216e-05,0.160657679060516,0.900864260384527,0.762133093902176,9.33728998936329,1.12499999225377,1,1,1,1,1,1,-0.0169923074028932,-0.586012740485559,3.1346438081848,-0.640770955799628,3.11858925311805,-0.239912621240313,traj_cart_safe,-1997.61350827556,0.000152699091383609,0.0999939118903139,PASS,0,1,-1999.40123103363,NaN,BEST50_LOCKED_BASELINE_PASS_VARIANT_traj_cart_safe,0,traj_cart_safe,BEST50_LOCK_PASS_pass_rail_pass_angle_pass_velocity_pass_cart_pass_saturation_pass_settled_window
11,target_recovery,up_up,link2_ratio0.50_right_1N,2,0.5,right,1,0.08,1,1.44,0,PASS,5.05600827216799e-07,1.12875789769257e-05,4.87553793676984e-06,0.165436123645666,1.40788055191622,0.605218105760617,8.73469217683458,1.14564391842621,1,1,1,1,1,1,-0.00872996353838824,-0.322339414676949,3.08095064184774,-1.25818912311626,3.11492863850405,-0.33573791948975,traj_cart_safe,-1997.31805272735,2.89542069088357e-05,0.0999994943991728,PASS,0,1,-1997.01527806818,NaN,BEST50_LOCKED_BASELINE_PASS_VARIANT_traj_cart_safe,0,traj_cart_safe,BEST50_LOCK_PASS_pass_rail_pass_angle_pass_velocity_pass_cart_pass_saturation_pass_settled_window
12,target_recovery,up_up,link2_ratio0.50_left_1N,2,0.5,left,1,0.08,1,1.44,0,PASS,4.90937991424317e-07,1.10854387356544e-05,4.80676927841389e-06,0.167569703962444,1.42120813734726,0.585726553356433,8.70202889690963,1.14564391612899,1,1,1,1,1,1,0.0218228597380467,0.344416874812032,3.20353677793015,1.26377037592018,3.16903370967261,0.342843100033116,traj_cart_safe,-1997.35804624031,2.83379431370141e-05,0.0999995090620086,PASS,0,1,-1997.07010056656,NaN,BEST50_LOCKED_BASELINE_PASS_VARIANT_traj_cart_safe,0,traj_cart_safe,BEST50_LOCK_PASS_pass_rail_pass_angle_pass_velocity_pass_cart_pass_saturation_pass_settled_window
13,target_recovery,up_up,link2_ratio0.75_right_1N,2,0.75,right,1,0.08,0,NaN,0.134724033029118,FINAL_STATE_OUTSIDE_RECOVERY_GATE|CART_RAIL_LIMIT_EXCEEDED|NO_SETTLED_RECOVERY_WINDOW,2.75108490855493,11.8846757460036,1.21510101820408,4.32073689299627,35.4695326829956,2.26057086709527,15,1.17924763410859,1,1,0,0,1,0,-0.0417334428941687,-1.15381089828751,3.02710623406353,-2.89250312452923,3.05945350352242,-1.02441369545189,hard_catch_upup_l2_high_contact,10621474.5546531,73.3776224853832,-2.74616893650091,FINAL_STATE_OUTSIDE_RECOVERY_GATE,1,1,10651377.9013321,10620533.7907862,NO_TRAJ_CANDIDATE_PASSED_BEST_NONLOCAL_SELECTED_FAIL_fail_rail_fail_angle_fail_velocity_pass_cart_pass_saturation_fail_settled_window,1,local_lqr|ss_hs03_g01|ss_hs03_g02|ss_hs03_g03|ss_hs03_g04|ss_hs03_g05|ss_hs03_g06|ss_hs03_g07|ss_hs03_g08|ss_hs03_g09|ss_hs03_g10|ss_hs03_g11|ss_hs03_g12|ss_hs03_g13|ss_hs03_g14|ss_hs03_g15|ss_hs03_g16|ss_hs03_g17|ss_hs03_g18|ss_hs03_railclamp|ss_hs03_anglecatch|ss_hs03_latehandoff|lib_target_upup_l2_r075_right_railangle|lib_target_upup_l2_r075_right_angle|lib_target_upup_l2_r075_right_ratekill|upup_force_l2_ratio075_autotune|upup_force_l2_ratio075_railphase|upup_force_l2_ratio075_ratekill|upup_phase_l2_ratio075|upup_phase_energy_sweep|upup_phase_after_switch|upup_force_after_switch_autotune|upup_phase_rail_guard|hard_catch_upup_l2_high_contact|hard_catch_upup_l1_ratio1|hard_catch_energy_angle|roa_traj_tvlqr_nominal|traj_cart_safe|terminal_upup_l2_high_contact|terminal_upup_l1_ratio1|emergency_rail_safe_takeover|upup_force_l2_ratio100_autotune|upup_force_l1_ratio100_autotune|upup_force_l2_ratio100_ratekill|upup_force_l1_ratio100_ratekill|upup_phase_l2_ratio100|upup_phase_l1_ratio100|hard_catch_rail_barrier,LOCAL_BASELINE|FAIL_fail_rail_fail_angle_fail_velocity_pass_cart_pass_saturation_fail_settled_window|FAIL_fail_rail_fail_angle_fail_velocity_pass_cart_pass_saturation_fail_settled_window|FAIL_fail_rail_fail_angle_fail_velocity_pass_cart_pass_saturation_fail_settled_window|FAIL_fail_rail_fail_angle_fail_velocity_pass_cart_pass_saturation_fail_settled_window|FAIL_fail_rail_fail_angle_fail_velocity_fail_cart_pass_saturation_fail_settled_window|FAIL_fail_rail_fail_angle_fail_velocity_fail_cart_pass_saturation_fail_settled_window|FAIL_fail_rail_fail_angle_fail_velocity_pass_cart_pass_saturation_fail_settled_window|FAIL_fail_rail_fail_angle_fail_velocity_pass_cart_pass_saturation_fail_settled_window|FAIL_fail_rail_fail_angle_fail_velocity_pass_cart_pass_saturation_fail_settled_window|FAIL_fail_rail_fail_angle_fail_velocity_pass_cart_pass_saturation_fail_settled_window|FAIL_fail_rail_fail_angle_fail_velocity_pass_cart_pass_saturation_fail_settled_window|FAIL_fail_rail_fail_angle_fail_velocity_pass_cart_pass_saturation_fail_settled_window|FAIL_fail_rail_fail_angle_fail_velocity_fail_cart_pass_saturation_fail_settled_window|FAIL_fail_rail_fail_angle_fail_velocity_pass_cart_pass_saturation_fail_settled_window|FAIL_fail_rail_fail_angle_fail_velocity_pass_cart_pass_saturation_fail_settled_window|FAIL_fail_rail_fail_angle_fail_velocity_pass_cart_pass_saturation_fail_settled_window|FAIL_fail_rail_fail_angle_fail_velocity_pass_cart_pass_saturation_fail_settled_window|FAIL_fail_rail_fail_angle_fail_velocity_fail_cart_pass_saturation_fail_settled_window|FAIL_fail_rail_fail_angle_fail_velocity_pass_cart_pass_saturation_fail_settled_window|FAIL_fail_rail_fail_angle_fail_velocity_pass_cart_pass_saturation_fail_settled_window|FAIL_fail_rail_fail_angle_fail_velocity_pass_cart_pass_saturation_fail_settled_window|FAIL_fail_rail_fail_angle_fail_velocity_pass_cart_pass_saturation_fail_settled_window|FAIL_fail_rail_fail_angle_fail_velocity_fail_cart_pass_saturation_fail_settled_window|FAIL_fail_rail_fail_angle_fail_velocity_fail_cart_pass_saturation_fail_settled_window|FAIL_fail_rail_fail_angle_fail_velocity_pass_cart_pass_saturation_fail_settled_window|FAIL_fail_rail_fail_angle_fail_velocity_pass_cart_pass_saturation_fail_settled_window|FAIL_fail_rail_fail_angle_fail_velocity_pass_cart_pass_saturation_fail_settled_window|FAIL_fail_rail_fail_angle_fail_velocity_fail_cart_pass_saturation_fail_settled_window|FAIL_fail_rail_fail_angle_fail_velocity_pass_cart_pass_saturation_fail_settled_window|FAIL_fail_rail_fail_angle_fail_velocity_pass_cart_pass_saturation_fail_settled_window|FAIL_fail_rail_fail_angle_fail_velocity_pass_cart_pass_saturation_fail_settled_window|FAIL_fail_rail_fail_angle_fail_velocity_pass_cart_pass_saturation_fail_settled_window|FAIL_fail_rail_fail_angle_fail_velocity_pass_cart_pass_saturation_fail_settled_window|FAIL_fail_rail_fail_angle_fail_velocity_pass_cart_pass_saturation_fail_settled_window|FAIL_fail_rail_fail_angle_fail_velocity_pass_cart_pass_saturation_fail_settled_window|FAIL_fail_rail_fail_angle_fail_velocity_pass_cart_fail_saturation_fail_settled_window|FAIL_fail_rail_fail_angle_fail_velocity_fail_cart_pass_saturation_fail_settled_window|FAIL_fail_rail_fail_angle_fail_velocity_pass_cart_pass_saturation_fail_settled_window|FAIL_fail_rail_fail_angle_fail_velocity_pass_cart_pass_saturation_fail_settled_window|FAIL_fail_rail_fail_angle_fail_velocity_pass_cart_pass_saturation_fail_settled_window|FAIL_fail_rail_fail_angle_fail_velocity_pass_cart_pass_saturation_fail_settled_window|FAIL_fail_rail_fail_angle_fail_velocity_fail_cart_pass_saturation_fail_settled_window|FAIL_fail_rail_fail_angle_fail_velocity_fail_cart_pass_saturation_fail_settled_window|FAIL_fail_rail_fail_angle_fail_velocity_pass_cart_pass_saturation_fail_settled_window|FAIL_fail_rail_fail_angle_fail_velocity_pass_cart_pass_saturation_fail_settled_window|FAIL_fail_rail_fail_angle_fail_velocity_pass_cart_pass_saturation_fail_settled_window|FAIL_fail_rail_fail_angle_fail_velocity_pass_cart_pass_saturation_fail_settled_window
14,target_recovery,up_up,link2_ratio0.75_left_1N,2,0.75,left,1,0.08,0,NaN,0.158626684050413,FINAL_STATE_OUTSIDE_RECOVERY_GATE|CART_RAIL_LIMIT_EXCEEDED|NO_SETTLED_RECOVERY_WINDOW,1.93077816991529,9.09806762463513,1.49590524948142,4.30435343708737,38.6281472790564,2.25186281589265,15,1.17924763410859,1,1,0,0,1,0,0.0548823586744221,1.17787624927982,3.25752123581095,2.90293980490253,3.22446662084266,1.03026676117139,ss_hs04_g11,10621058.9819228,53.520773134129,-2.04951690615878,FINAL_STATE_OUTSIDE_RECOVERY_GATE,1,1,10651724.4730137,10621031.857627,NO_TRAJ_CANDIDATE_PASSED_BEST_NONLOCAL_SELECTED_FAIL_fail_rail_fail_angle_fail_velocity_pass_cart_pass_saturation_fail_settled_window,1,local_lqr|ss_hs04_g01|ss_hs04_g02|ss_hs04_g03|ss_hs04_g04|ss_hs04_g05|ss_hs04_g06|ss_hs04_g07|ss_hs04_g08|ss_hs04_g09|ss_hs04_g10|ss_hs04_g11|ss_hs04_g12|ss_hs04_g13|ss_hs04_g14|ss_hs04_g15|ss_hs04_g16|ss_hs04_g17|ss_hs04_g18|ss_hs04_railclamp|ss_hs04_anglecatch|ss_hs04_latehandoff|lib_target_upup_l2_r075_left_railangle|lib_target_upup_l2_r075_left_angle|lib_target_upup_l2_r075_left_ratekill|upup_force_l2_ratio075_autotune|upup_force_l2_ratio075_railphase|upup_force_l2_ratio075_ratekill|upup_phase_l2_ratio075|upup_phase_energy_sweep|upup_phase_after_switch|upup_force_after_switch_autotune|upup_phase_rail_guard|hard_catch_upup_l2_high_contact|hard_catch_upup_l1_ratio1|hard_catch_energy_angle|roa_traj_tvlqr_nominal|traj_cart_safe|terminal_upup_l2_high_contact|terminal_upup_l1_ratio1|emergency_rail_safe_takeover|upup_force_l2_ratio100_autotune|upup_force_l1_ratio100_autotune|upup_force_l2_ratio100_ratekill|upup_force_l1_ratio100_ratekill|upup_phase_l2_ratio100|upup_phase_l1_ratio100|hard_catch_rail_barrier,LOCAL_BASELINE|FAIL_fail_rail_fail_angle_fail_velocity_pass_cart_pass_saturation_fail_settled_window|FAIL_fail_rail_fail_angle_fail_velocity_pass_cart_pass_saturation_fail_settled_window|FAIL_fail_rail_fail_angle_fail_velocity_pass_cart_pass_saturation_fail_settled_window|FAIL_fail_rail_fail_angle_fail_velocity_fail_cart_pass_saturation_fail_settled_window|FAIL_fail_rail_fail_angle_fail_velocity_pass_cart_pass_saturation_fail_settled_window|FAIL_fail_rail_fail_angle_fail_velocity_pass_cart_pass_saturation_fail_settled_window|FAIL_fail_rail_fail_angle_fail_velocity_pass_cart_pass_saturation_fail_settled_window|FAIL_fail_rail_fail_angle_fail_velocity_pass_cart_pass_saturation_fail_settled_window|FAIL_fail_rail_fail_angle_fail_velocity_pass_cart_pass_saturation_fail_settled_window|FAIL_fail_rail_fail_angle_fail_velocity_pass_cart_pass_saturation_fail_settled_window|FAIL_fail_rail_fail_angle_fail_velocity_pass_cart_pass_saturation_fail_settled_window|FAIL_fail_rail_fail_angle_fail_velocity_pass_cart_pass_saturation_fail_settled_window|FAIL_fail_rail_fail_angle_fail_velocity_fail_cart_pass_saturation_fail_settled_window|FAIL_fail_rail_fail_angle_fail_velocity_pass_cart_pass_saturation_fail_settled_window|FAIL_fail_rail_fail_angle_fail_velocity_pass_cart_pass_saturation_fail_settled_window|FAIL_fail_rail_fail_angle_fail_velocity_pass_cart_pass_saturation_fail_settled_window|FAIL_fail_rail_fail_angle_fail_velocity_pass_cart_pass_saturation_fail_settled_window|FAIL_fail_rail_fail_angle_fail_velocity_pass_cart_pass_saturation_fail_settled_window|FAIL_fail_rail_fail_angle_fail_velocity_pass_cart_pass_saturation_fail_settled_window|FAIL_fail_rail_fail_angle_fail_velocity_fail_cart_pass_saturation_fail_settled_window|FAIL_fail_rail_fail_angle_fail_velocity_pass_cart_pass_saturation_fail_settled_window|FAIL_fail_rail_fail_angle_fail_velocity_pass_cart_pass_saturation_fail_settled_window|FAIL_fail_rail_fail_angle_fail_velocity_pass_cart_pass_saturation_fail_settled_window|FAIL_fail_rail_fail_angle_fail_velocity_fail_cart_pass_saturation_fail_settled_window|FAIL_fail_rail_fail_angle_fail_velocity_pass_cart_pass_saturation_fail_settled_window|FAIL_fail_rail_fail_angle_fail_velocity_pass_cart_pass_saturation_fail_settled_window|FAIL_fail_rail_fail_angle_fail_velocity_pass_cart_pass_saturation_fail_settled_window|FAIL_fail_rail_fail_angle_fail_velocity_pass_cart_pass_saturation_fail_settled_window|FAIL_fail_rail_fail_angle_fail_velocity_fail_cart_pass_saturation_fail_settled_window|FAIL_fail_rail_fail_angle_fail_velocity_pass_cart_pass_saturation_fail_settled_window|FAIL_fail_rail_fail_angle_fail_velocity_fail_cart_pass_saturation_fail_settled_window|FAIL_fail_rail_fail_angle_fail_velocity_pass_cart_pass_saturation_fail_settled_window|FAIL_fail_rail_fail_angle_fail_velocity_pass_cart_pass_saturation_fail_settled_window|FAIL_fail_rail_fail_angle_fail_velocity_pass_cart_pass_saturation_fail_settled_window|FAIL_fail_rail_fail_angle_fail_velocity_pass_cart_pass_saturation_fail_settled_window|FAIL_fail_rail_fail_angle_fail_velocity_fail_cart_fail_saturation_fail_settled_window|FAIL_fail_rail_fail_angle_fail_velocity_pass_cart_fail_saturation_fail_settled_window|FAIL_fail_rail_fail_angle_fail_velocity_pass_cart_pass_saturation_fail_settled_window|FAIL_fail_rail_fail_angle_fail_velocity_pass_cart_pass_saturation_fail_settled_window|FAIL_fail_rail_fail_angle_fail_velocity_pass_cart_pass_saturation_fail_settled_window|FAIL_fail_rail_fail_angle_fail_velocity_fail_cart_pass_saturation_fail_settled_window|FAIL_fail_rail_fail_angle_fail_velocity_pass_cart_pass_saturation_fail_settled_window|FAIL_fail_rail_fail_angle_fail_velocity_pass_cart_pass_saturation_fail_settled_window|FAIL_fail_rail_fail_angle_fail_velocity_pass_cart_pass_saturation_fail_settled_window|FAIL_fail_rail_fail_angle_fail_velocity_pass_cart_pass_saturation_fail_settled_window|FAIL_fail_rail_fail_angle_fail_velocity_pass_cart_pass_saturation_fail_settled_window|FAIL_fail_rail_fail_angle_fail_velocity_pass_cart_pass_saturation_fail_settled_window
15,target_recovery,up_up,link2_ratio1.00_right_1N,2,1,right,1,0.08,0,NaN,0.120382442416341,FINAL_STATE_OUTSIDE_RECOVERY_GATE|CART_RAIL_LIMIT_EXCEEDED|NO_SETTLED_RECOVERY_WINDOW,1.44731614792634,8.28518081488978,0.766692691961609,4.43115060115095,37.949877897962,2.05607104586758,15,1.22474486426071,1,1,0,0,1,0,-0.0479712078698878,-1.22848684254053,3.04290842393922,-2.53816223011427,2.97994352298675,-2.41393150205411,ss_hs05_g17,10620817.3174742,41.8036895803581,-1.84629520372244,FINAL_STATE_OUTSIDE_RECOVERY_GATE,1,1,10651465.9698259,10620690.323492,NO_TRAJ_CANDIDATE_PASSED_BEST_NONLOCAL_SELECTED_FAIL_fail_rail_fail_angle_fail_velocity_pass_cart_pass_saturation_fail_settled_window,1,local_lqr|ss_hs05_g01|ss_hs05_g02|ss_hs05_g03|ss_hs05_g04|ss_hs05_g05|ss_hs05_g06|ss_hs05_g07|ss_hs05_g08|ss_hs05_g09|ss_hs05_g10|ss_hs05_g11|ss_hs05_g12|ss_hs05_g13|ss_hs05_g14|ss_hs05_g15|ss_hs05_g16|ss_hs05_g17|ss_hs05_g18|ss_hs05_railclamp|ss_hs05_anglecatch|ss_hs05_latehandoff|lib_target_upup_l2_r100_right_railangle|lib_target_upup_l2_r100_right_angle|lib_target_upup_l2_r100_right_longcatch|upup_force_l2_ratio100_autotune|upup_force_l2_ratio100_railphase|upup_force_l2_ratio100_ratekill|upup_phase_l2_ratio100|upup_phase_energy_sweep|upup_phase_after_switch|upup_force_after_switch_autotune|upup_phase_rail_guard|hard_catch_upup_l2_high_contact|hard_catch_upup_l1_ratio1|hard_catch_energy_angle|roa_traj_tvlqr_nominal|traj_cart_safe|terminal_upup_l2_high_contact|terminal_upup_l1_ratio1|emergency_rail_safe_takeover|upup_force_l2_ratio075_autotune|upup_force_l1_ratio100_autotune|upup_force_l2_ratio075_ratekill|upup_force_l1_ratio100_ratekill|upup_phase_l2_ratio075|upup_phase_l1_ratio100|hard_catch_rail_barrier,LOCAL_BASELINE|FAIL_fail_rail_fail_angle_fail_velocity_pass_cart_pass_saturation_fail_settled_window|FAIL_fail_rail_fail_angle_fail_velocity_pass_cart_pass_saturation_fail_settled_window|FAIL_fail_rail_fail_angle_fail_velocity_pass_cart_pass_saturation_fail_settled_window|FAIL_fail_rail_fail_angle_fail_velocity_fail_cart_pass_saturation_fail_settled_window|FAIL_fail_rail_fail_angle_fail_velocity_fail_cart_pass_saturation_fail_settled_window|FAIL_fail_rail_fail_angle_fail_velocity_pass_cart_pass_saturation_fail_settled_window|FAIL_fail_rail_fail_angle_fail_velocity_pass_cart_pass_saturation_fail_settled_window|FAIL_fail_rail_fail_angle_fail_velocity_pass_cart_pass_saturation_fail_settled_window|FAIL_fail_rail_fail_angle_fail_velocity_pass_cart_pass_saturation_fail_settled_window|FAIL_fail_rail_fail_angle_fail_velocity_fail_cart_pass_saturation_fail_settled_window|FAIL_fail_rail_fail_angle_fail_velocity_pass_cart_pass_saturation_fail_settled_window|FAIL_fail_rail_fail_angle_fail_velocity_fail_cart_pass_saturation_fail_settled_window|FAIL_fail_rail_fail_angle_fail_velocity_pass_cart_pass_saturation_fail_settled_window|FAIL_fail_rail_fail_angle_fail_velocity_pass_cart_pass_saturation_fail_settled_window|FAIL_fail_rail_fail_angle_fail_velocity_pass_cart_pass_saturation_fail_settled_window|FAIL_fail_rail_fail_angle_fail_velocity_fail_cart_pass_saturation_fail_settled_window|FAIL_fail_rail_fail_angle_fail_velocity_pass_cart_pass_saturation_fail_settled_window|FAIL_fail_rail_fail_angle_fail_velocity_pass_cart_pass_saturation_fail_settled_window|FAIL_fail_rail_fail_angle_fail_velocity_fail_cart_pass_saturation_fail_settled_window|FAIL_fail_rail_fail_angle_fail_velocity_pass_cart_pass_saturation_fail_settled_window|FAIL_fail_rail_fail_angle_fail_velocity_pass_cart_pass_saturation_fail_settled_window|FAIL_fail_rail_fail_angle_fail_velocity_pass_cart_pass_saturation_fail_settled_window|FAIL_fail_rail_fail_angle_fail_velocity_pass_cart_pass_saturation_fail_settled_window|FAIL_fail_rail_fail_angle_fail_velocity_pass_cart_pass_saturation_fail_settled_window|FAIL_fail_rail_fail_angle_fail_velocity_pass_cart_pass_saturation_fail_settled_window|FAIL_fail_rail_fail_angle_fail_velocity_fail_cart_pass_saturation_fail_settled_window|FAIL_fail_rail_fail_angle_fail_velocity_pass_cart_pass_saturation_fail_settled_window|FAIL_fail_rail_fail_angle_fail_velocity_fail_cart_pass_saturation_fail_settled_window|FAIL_fail_rail_fail_angle_fail_velocity_pass_cart_pass_saturation_fail_settled_window|FAIL_fail_rail_fail_angle_fail_velocity_pass_cart_pass_saturation_fail_settled_window|FAIL_fail_rail_fail_angle_fail_velocity_pass_cart_pass_saturation_fail_settled_window|FAIL_fail_rail_fail_angle_fail_velocity_pass_cart_pass_saturation_fail_settled_window|FAIL_fail_rail_fail_angle_fail_velocity_pass_cart_pass_saturation_fail_settled_window|FAIL_fail_rail_fail_angle_fail_velocity_fail_cart_pass_saturation_fail_settled_window|FAIL_fail_rail_fail_angle_fail_velocity_pass_cart_pass_saturation_fail_settled_window|FAIL_fail_rail_fail_angle_fail_velocity_fail_cart_fail_saturation_fail_settled_window|FAIL_fail_rail_fail_angle_fail_velocity_pass_cart_pass_saturation_fail_settled_window|FAIL_fail_rail_fail_angle_fail_velocity_pass_cart_pass_saturation_fail_settled_window|FAIL_fail_rail_fail_angle_fail_velocity_pass_cart_pass_saturation_fail_settled_window|FAIL_fail_rail_fail_angle_fail_velocity_fail_cart_pass_saturation_fail_settled_window|FAIL_fail_rail_fail_angle_fail_velocity_fail_cart_pass_saturation_fail_settled_window|FAIL_fail_rail_fail_angle_fail_velocity_fail_cart_pass_saturation_fail_settled_window|FAIL_fail_rail_fail_angle_fail_velocity_pass_cart_pass_saturation_fail_settled_window|FAIL_fail_rail_fail_angle_fail_velocity_pass_cart_pass_saturation_fail_settled_window|FAIL_fail_rail_fail_angle_fail_velocity_pass_cart_pass_saturation_fail_settled_window|FAIL_fail_rail_fail_angle_fail_velocity_fail_cart_pass_saturation_fail_settled_window|FAIL_fail_rail_fail_angle_fail_velocity_pass_cart_pass_saturation_fail_settled_window
16,target_recovery,up_up,link2_ratio1.00_left_1N,2,1,left,1,0.08,0,NaN,0.152542372881356,FINAL_STATE_OUTSIDE_RECOVERY_GATE|CART_RAIL_LIMIT_EXCEEDED|NO_SETTLED_RECOVERY_WINDOW,1.33667618790168,4.03277707720765,1.87053754596586,4.4227176151634,31.4233591645604,2.10550879890608,15,1.22474486426071,1,1,0,0,1,0,0.0611617791549112,1.25315920334037,3.24183449233099,2.55062158111856,3.30391992212291,2.41814083626016,ss_hs06_anglecatch,10620703.5617045,34.9360226349412,-1.23667618790168,FINAL_STATE_OUTSIDE_RECOVERY_GATE,1,1,10652001.9205363,10620505.9182299,NO_TRAJ_CANDIDATE_PASSED_BEST_NONLOCAL_SELECTED_FAIL_fail_rail_fail_angle_fail_velocity_fail_cart_pass_saturation_fail_settled_window,1,local_lqr|ss_hs06_g01|ss_hs06_g02|ss_hs06_g03|ss_hs06_g04|ss_hs06_g05|ss_hs06_g06|ss_hs06_g07|ss_hs06_g08|ss_hs06_g09|ss_hs06_g10|ss_hs06_g11|ss_hs06_g12|ss_hs06_g13|ss_hs06_g14|ss_hs06_g15|ss_hs06_g16|ss_hs06_g17|ss_hs06_g18|ss_hs06_railclamp|ss_hs06_anglecatch|ss_hs06_latehandoff|lib_target_upup_l2_r100_left_railangle|lib_target_upup_l2_r100_left_angle|lib_target_upup_l2_r100_left_longcatch|upup_force_l2_ratio100_autotune|upup_force_l2_ratio100_railphase|upup_force_l2_ratio100_ratekill|upup_phase_l2_ratio100|upup_phase_energy_sweep|upup_phase_after_switch|upup_force_after_switch_autotune|upup_phase_rail_guard|hard_catch_upup_l2_high_contact|hard_catch_upup_l1_ratio1|hard_catch_energy_angle|roa_traj_tvlqr_nominal|traj_cart_safe|terminal_upup_l2_high_contact|terminal_upup_l1_ratio1|emergency_rail_safe_takeover|upup_force_l2_ratio075_autotune|upup_force_l1_ratio100_autotune|upup_force_l2_ratio075_ratekill|upup_force_l1_ratio100_ratekill|upup_phase_l2_ratio075|upup_phase_l1_ratio100|hard_catch_rail_barrier,LOCAL_BASELINE|FAIL_fail_rail_fail_angle_fail_velocity_pass_cart_pass_saturation_fail_settled_window|FAIL_fail_rail_fail_angle_fail_velocity_pass_cart_pass_saturation_fail_settled_window|FAIL_fail_rail_fail_angle_fail_velocity_pass_cart_pass_saturation_fail_settled_window|FAIL_fail_rail_fail_angle_fail_velocity_fail_cart_pass_saturation_fail_settled_window|FAIL_fail_rail_fail_angle_fail_velocity_fail_cart_pass_saturation_fail_settled_window|FAIL_fail_rail_fail_angle_fail_velocity_pass_cart_pass_saturation_fail_settled_window|FAIL_fail_rail_fail_angle_fail_velocity_pass_cart_pass_saturation_fail_settled_window|FAIL_fail_rail_fail_angle_fail_velocity_pass_cart_pass_saturation_fail_settled_window|FAIL_fail_rail_fail_angle_fail_velocity_pass_cart_pass_saturation_fail_settled_window|FAIL_fail_rail_fail_angle_fail_velocity_pass_cart_pass_saturation_fail_settled_window|FAIL_fail_rail_fail_angle_fail_velocity_pass_cart_pass_saturation_fail_settled_window|FAIL_fail_rail_fail_angle_fail_velocity_pass_cart_pass_saturation_fail_settled_window|FAIL_fail_rail_fail_angle_fail_velocity_fail_cart_pass_saturation_fail_settled_window|FAIL_fail_rail_fail_angle_fail_velocity_fail_cart_pass_saturation_fail_settled_window|FAIL_fail_rail_fail_angle_fail_velocity_pass_cart_pass_saturation_fail_settled_window|FAIL_fail_rail_fail_angle_fail_velocity_pass_cart_pass_saturation_fail_settled_window|FAIL_fail_rail_fail_angle_fail_velocity_pass_cart_pass_saturation_fail_settled_window|FAIL_fail_rail_fail_angle_fail_velocity_pass_cart_pass_saturation_fail_settled_window|FAIL_fail_rail_fail_angle_fail_velocity_pass_cart_pass_saturation_fail_settled_window|FAIL_fail_rail_fail_angle_fail_velocity_fail_cart_pass_saturation_fail_settled_window|FAIL_fail_rail_fail_angle_fail_velocity_pass_cart_pass_saturation_fail_settled_window|FAIL_fail_rail_fail_angle_fail_velocity_fail_cart_pass_saturation_fail_settled_window|FAIL_fail_rail_fail_angle_fail_velocity_pass_cart_pass_saturation_fail_settled_window|FAIL_fail_rail_fail_angle_fail_velocity_pass_cart_pass_saturation_fail_settled_window|FAIL_fail_rail_fail_angle_fail_velocity_fail_cart_pass_saturation_fail_settled_window|FAIL_fail_rail_fail_angle_fail_velocity_pass_cart_pass_saturation_fail_settled_window|FAIL_fail_rail_fail_angle_fail_velocity_pass_cart_pass_saturation_fail_settled_window|FAIL_fail_rail_fail_angle_fail_velocity_pass_cart_pass_saturation_fail_settled_window|FAIL_fail_rail_fail_angle_fail_velocity_fail_cart_pass_saturation_fail_settled_window|FAIL_fail_rail_fail_angle_fail_velocity_pass_cart_pass_saturation_fail_settled_window|FAIL_fail_rail_fail_angle_fail_velocity_pass_cart_pass_saturation_fail_settled_window|FAIL_fail_rail_fail_angle_fail_velocity_fail_cart_pass_saturation_fail_settled_window|FAIL_fail_rail_fail_angle_fail_velocity_pass_cart_pass_saturation_fail_settled_window|FAIL_fail_rail_fail_angle_fail_velocity_pass_cart_pass_saturation_fail_settled_window|FAIL_fail_rail_fail_angle_fail_velocity_pass_cart_pass_saturation_fail_settled_window|FAIL_fail_rail_fail_angle_fail_velocity_pass_cart_pass_saturation_fail_settled_window|FAIL_fail_rail_fail_angle_fail_velocity_pass_cart_fail_saturation_fail_settled_window|FAIL_fail_rail_fail_angle_fail_velocity_pass_cart_pass_saturation_fail_settled_window|FAIL_fail_rail_fail_angle_fail_velocity_pass_cart_pass_saturation_fail_settled_window|FAIL_fail_rail_fail_angle_fail_velocity_fail_cart_pass_saturation_fail_settled_window|FAIL_fail_rail_fail_angle_fail_velocity_pass_cart_pass_saturation_fail_settled_window|FAIL_fail_rail_fail_angle_fail_velocity_pass_cart_pass_saturation_fail_settled_window|FAIL_fail_rail_fail_angle_fail_velocity_pass_cart_pass_saturation_fail_settled_window|FAIL_fail_rail_fail_angle_fail_velocity_pass_cart_pass_saturation_fail_settled_window|FAIL_fail_rail_fail_angle_fail_velocity_pass_cart_pass_saturation_fail_settled_window|FAIL_fail_rail_fail_angle_fail_velocity_pass_cart_pass_saturation_fail_settled_window|FAIL_fail_rail_fail_angle_fail_velocity_pass_cart_pass_saturation_fail_settled_window
17,target_recovery,up_down,link1_ratio0.25_right_1N,1,0.25,right,1,0.08,1,1.11022302462516e-16,0,PASS,1.1520885857049e-06,1.23830511852821e-05,1.08632962415118e-05,0.0565817310266584,0.419075514031188,0.111493362521137,0.954683951548674,1.00778221844969,1,1,1,1,1,1,0.00553954398003584,0.110191487725648,3.13572657682792,-0.0364632660037221,-0.025760518911933,-0.360102883590187,local_lqr,-1999.77045448583,4.80017370378722e-05,0.0999988479114143,PASS,0,0,-1999.77045448583,NaN,BEST50_LOCKED_BASELINE_PASS_VARIANT_local_lqr,0,local_lqr,BEST50_LOCK_PASS_pass_rail_pass_angle_pass_velocity_pass_cart_pass_saturation_pass_settled_window
18,target_recovery,up_down,link1_ratio0.25_left_1N,1,0.25,left,1,0.08,1,1.11022302462516e-16,0,PASS,1.18364478415178e-06,1.26845735820174e-05,1.10887870541829e-05,0.055101211001344,0.41585331704452,0.114656389228243,0.970435045387426,1.00778221786944,1,1,1,1,1,1,-0.00579634622526789,-0.119682250985549,3.14710962519049,0.0277599375706278,0.0234360286903946,0.358800719945944,local_lqr,-1999.76394453559,4.9210272612312e-05,0.0999988163552158,PASS,0,0,-1999.76394453559,NaN,BEST50_LOCKED_BASELINE_PASS_VARIANT_local_lqr,0,local_lqr,BEST50_LOCK_PASS_pass_rail_pass_angle_pass_velocity_pass_cart_pass_saturation_pass_settled_window
19,target_recovery,up_down,link1_ratio0.50_right_1N,1,0.5,right,1,0.08,1,0.28,0,PASS,2.52897167076175e-06,2.72887353812843e-05,2.40499583824837e-05,0.117640497427984,0.880183805671558,0.243952550085843,3.00886894633046,1.03077640557767,1,1,1,1,1,1,0.00895047377074107,0.213017165600834,3.12400029320916,-0.108562620229408,-0.0525383133585657,-0.739843654463308,local_lqr,-1999.21773420382,0.00010566993710999,0.0999974710283292,PASS,0,0,-1999.21773420382,NaN,BEST50_LOCKED_BASELINE_PASS_VARIANT_local_lqr,0,local_lqr,BEST50_LOCK_PASS_pass_rail_pass_angle_pass_velocity_pass_cart_pass_saturation_pass_settled_window
20,target_recovery,up_down,link1_ratio0.50_left_1N,1,0.5,left,1,0.08,1,0.28,0,PASS,2.55831277863246e-06,2.75619112081233e-05,2.42458828018873e-05,0.116218484655539,0.875818704115465,0.24692365381328,3.02108118780147,1.03077640379251,1,1,1,1,1,1,-0.00920750132581627,-0.222518473666387,3.15883707413923,0.0998837719427465,0.0502162324745197,0.738608420586529,local_lqr,-1999.21161972172,0.000106773379362726,0.0999974416872214,PASS,0,0,-1999.21161972172,NaN,BEST50_LOCKED_BASELINE_PASS_VARIANT_local_lqr,0,local_lqr,BEST50_LOCK_PASS_pass_rail_pass_angle_pass_velocity_pass_cart_pass_saturation_pass_settled_window
21,target_recovery,up_down,link1_ratio0.75_right_1N,1,0.75,right,1,0.08,1,0.75,0,PASS,3.47749089697401e-06,3.73581361067048e-05,3.27533733103543e-05,0.166880455381796,1.24073344824353,0.336563790110997,7.87933543945433,1.06800046249274,1,1,1,1,1,1,0.01576540998901,0.425267364799907,3.12109020473416,0.105850424462602,-0.076330652891362,-1.02015832440331,local_lqr,-1998.55707438527,0.000144835511989807,0.099996522509103,PASS,0,0,-1998.55707438527,NaN,BEST50_LOCKED_BASELINE_PASS_VARIANT_local_lqr,0,local_lqr,BEST50_LOCK_PASS_pass_rail_pass_angle_pass_velocity_pass_cart_pass_saturation_pass_settled_window
22,target_recovery,up_down,link1_ratio0.75_left_1N,1,0.75,left,1,0.08,1,0.75,0,PASS,3.51755220436964e-06,3.7767727424288e-05,3.30909297924117e-05,0.165442805633632,1.23846117748333,0.340457954115332,7.88313637475287,1.06800046249274,1,1,1,1,1,1,-0.0160143490356697,-0.434735244824568,3.16177115702491,-0.114338916612572,0.0740205942758543,1.01911920599147,local_lqr,-1998.5490578593,0.000146445403824986,0.0999964824477956,PASS,0,0,-1998.5490578593,NaN,BEST50_LOCKED_BASELINE_PASS_VARIANT_local_lqr,0,local_lqr,BEST50_LOCK_PASS_pass_rail_pass_angle_pass_velocity_pass_cart_pass_saturation_pass_settled_window
23,target_recovery,up_down,link1_ratio1.00_right_1N,1,1,right,1,0.08,1,0.85,0,PASS,4.63898888729763e-06,4.98589908843864e-05,4.37372898679389e-05,0.222130892591105,1.63981879811609,0.44864719175788,10.0834400651683,1.11803397911767,1,1,1,1,1,1,0.0218458339739729,0.579064978800894,3.11635954429626,0.172473152607855,-0.100656740662786,-1.34666370697388,local_lqr,-1998.22631106673,0.000193276324377976,0.0999953610111127,PASS,0,0,-1998.22631106673,NaN,BEST50_LOCKED_BASELINE_PASS_VARIANT_local_lqr,0,local_lqr,BEST50_LOCK_PASS_pass_rail_pass_angle_pass_velocity_pass_cart_pass_saturation_pass_settled_window
24,target_recovery,up_down,link1_ratio1.00_left_1N,1,1,left,1,0.08,1,0.85,0,PASS,4.67255987882481e-06,5.01922961069197e-05,4.40011595685752e-05,0.22070522125689,1.63802034619104,0.451958920436386,10.1051121938943,1.11803397911767,1,1,1,1,1,1,-0.022090291498713,-0.588621463491322,3.1665179260548,-0.181049007021173,0.0983577409137115,1.34576713074753,local_lqr,-1998.21949425265,0.000194597383161281,0.0999953274401212,PASS,0,0,-1998.21949425265,NaN,BEST50_LOCKED_BASELINE_PASS_VARIANT_local_lqr,0,local_lqr,BEST50_LOCK_PASS_pass_rail_pass_angle_pass_velocity_pass_cart_pass_saturation_pass_settled_window
25,target_recovery,up_down,link2_ratio0.25_right_1N,2,0.25,right,1,0.08,1,1.11022302462516e-16,0,PASS,3.4166560742363e-06,3.5852896433352e-05,3.05502841810866e-05,0.0773504039436325,0.636902690888273,0.33232533551468,5.1416843598664,1.12499998642502,1,1,1,1,1,1,0.0105549139041526,0.289301827505557,3.11668967914736,-0.123525863482511,-0.032714296490243,-0.414021700990928,local_lqr,-1999.31584359355,0.000139898315536707,0.0999965833439258,PASS,0,0,-1999.31584359355,NaN,BEST50_LOCKED_BASELINE_PASS_VARIANT_local_lqr,0,local_lqr,BEST50_LOCK_PASS_pass_rail_pass_angle_pass_velocity_pass_cart_pass_saturation_pass_settled_window
26,target_recovery,up_down,link2_ratio0.25_left_1N,2,0.25,left,1,0.08,1,1.11022302462516e-16,0,PASS,3.44827588064897e-06,3.61548842963319e-05,3.07759393209704e-05,0.077948378525521,0.631971799930656,0.335502503937364,5.15351702205349,1.12499998642502,1,1,1,1,1,1,-0.010811610913634,-0.298789547349107,3.1661462250381,0.114827511952018,0.0303882842146556,0.412712332576043,local_lqr,-1999.30930459622,0.000141108871702177,0.0999965517241194,PASS,0,0,-1999.30930459622,NaN,BEST50_LOCKED_BASELINE_PASS_VARIANT_local_lqr,0,local_lqr,BEST50_LOCK_PASS_pass_rail_pass_angle_pass_velocity_pass_cart_pass_saturation_pass_settled_window
27,target_recovery,up_down,link2_ratio0.50_right_1N,2,0.5,right,1,0.08,1,0.27,0,PASS,1.59146724537659e-06,1.51104832937087e-05,1.11852315895678e-05,0.107180671247616,0.708051610857407,0.170755609960257,3.14953968122065,1.14564392001065,1,1,1,1,1,1,0.00533473218314535,0.159803273250071,3.13284377353539,0.00619591387050532,0.0406930666882635,0.672330631663209,local_lqr,-1999.37864165276,6.06762805354738e-05,0.0999984085327546,PASS,0,0,-1999.37864165276,NaN,BEST50_LOCKED_BASELINE_PASS_VARIANT_local_lqr,0,local_lqr,BEST50_LOCK_PASS_pass_rail_pass_angle_pass_velocity_pass_cart_pass_saturation_pass_settled_window
28,target_recovery,up_down,link2_ratio0.50_left_1N,2,0.5,left,1,0.08,1,0.28,0,PASS,1.61669779483688e-06,1.53350408374977e-05,1.13338076047135e-05,0.108685554714655,0.711879056629307,0.173566021165508,3.16176788491877,1.14564389861777,1,1,1,1,1,1,-0.00559174144816101,-0.169304665568499,3.14999367261108,-0.0148736933685516,-0.0430146757081629,-0.673552095611684,local_lqr,-1999.3628599576,6.15958607059562e-05,0.0999983833022052,PASS,0,0,-1999.3628599576,NaN,BEST50_LOCKED_BASELINE_PASS_VARIANT_local_lqr,0,local_lqr,BEST50_LOCK_PASS_pass_rail_pass_angle_pass_velocity_pass_cart_pass_saturation_pass_settled_window
29,target_recovery,up_down,link2_ratio0.75_right_1N,2,0.75,right,1,0.08,1,0.53,0,PASS,5.77004978352272e-08,3.36798509029924e-06,5.77713635894911e-06,0.280869528794208,1.85631079802442,0.11862708797999,3.66898933857026,1.1792476086911,1,1,1,1,1,1,-0.00114274634612127,0.024844833750971,3.14551676663448,0.11014026162577,0.112654475725353,1.7375620744377,local_lqr,-1999.22652198127,1.01379850229528e-05,0.0999999422995022,PASS,0,0,-1999.22652198127,NaN,BEST50_LOCKED_BASELINE_PASS_VARIANT_local_lqr,0,local_lqr,BEST50_LOCK_PASS_pass_rail_pass_angle_pass_velocity_pass_cart_pass_saturation_pass_settled_window
30,target_recovery,up_down,link2_ratio0.75_left_1N,2,0.75,left,1,0.08,1,0.53,0,PASS,1.781487561953e-08,2.96512641577698e-06,5.44655102095321e-06,0.282163023789129,1.85956254672764,0.121135718939739,3.66569033637844,1.17924759801033,1,1,1,1,1,1,0.000894257041163773,-0.0342128624113935,3.1373561738718,-0.118099761673187,-0.114945874537307,-1.73808364603566,local_lqr,-1999.22140430427,8.54600574972351e-06,0.0999999821851244,PASS,0,0,-1999.22140430427,NaN,BEST50_LOCKED_BASELINE_PASS_VARIANT_local_lqr,0,local_lqr,BEST50_LOCK_PASS_pass_rail_pass_angle_pass_velocity_pass_cart_pass_saturation_pass_settled_window
31,target_recovery,up_down,link2_ratio1.00_right_1N,2,1,right,1,0.08,1,0.89,0,PASS,1.62278322607692e-06,2.06471440555097e-05,2.14290258279794e-05,0.453261379016668,2.9636385717398,0.152557718815033,6.68440464668138,1.22474480377562,1,1,1,1,1,1,-0.0109513082736629,-0.172611454566077,3.14906313258248,0.027770302053081,0.180919253773441,2.71301913714017,local_lqr,-1998.79576139158,7.66522100173132e-05,0.0999983772167739,PASS,0,0,-1998.79576139158,NaN,BEST50_LOCKED_BASELINE_PASS_VARIANT_local_lqr,0,local_lqr,BEST50_LOCK_PASS_pass_rail_pass_angle_pass_velocity_pass_cart_pass_saturation_pass_settled_window
32,target_recovery,up_down,link2_ratio1.00_left_1N,2,1,left,1,0.08,1,0.89,0,PASS,1.58338641988404e-06,2.02419623748082e-05,2.10923267544641e-05,0.45461958605764,2.9656637578074,0.14876047661897,6.68697760525971,1.22474480377562,1,1,1,1,1,1,0.0107002615469888,0.162891916376209,3.13382704124138,-0.0360008287492614,-0.183172769776615,-2.71283560486898,local_lqr,-1998.80357871807,7.50621545953416e-05,0.0999984166135801,PASS,0,0,-1998.80357871807,NaN,BEST50_LOCKED_BASELINE_PASS_VARIANT_local_lqr,0,local_lqr,BEST50_LOCK_PASS_pass_rail_pass_angle_pass_velocity_pass_cart_pass_saturation_pass_settled_window
33,target_recovery,down_up,link1_ratio0.25_right_1N,1,0.25,right,1,0.08,1,0.35,0,PASS,3.61038392974401e-06,3.81802676604148e-05,3.27150497159722e-05,0.175070853458818,1.48983767055475,0.284830764269328,9.13300197781972,1.0077821948785,1,1,1,1,1,1,0.00170615698850164,-0.339449279639382,0.0511185353345594,1.20864505617217,3.18307314912521,0.76870654098305,local_lqr,-1999.06311935705,0.000148559740810078,0.0999963896160703,PASS,0,0,-1999.06311935705,NaN,BEST50_LOCKED_BASELINE_PASS_VARIANT_local_lqr,0,local_lqr,BEST50_LOCK_PASS_pass_rail_pass_angle_pass_velocity_pass_cart_pass_saturation_pass_settled_window
34,target_recovery,down_up,link1_ratio0.25_left_1N,1,0.25,left,1,0.08,1,0.34,0,PASS,3.9885979651382e-06,4.10714653205449e-05,3.39794367869278e-05,0.16854437757683,1.49244678538796,0.320147068676693,9.12375845350882,1.00778221828292,1,1,1,1,1,1,0.0245741070672537,0.373969099079815,-0.0466302861480863,-1.20438427547949,3.10400914326021,-0.761585723772285,local_lqr,-1999.00044211888,0.000160962363897768,0.0999960114020349,PASS,0,0,-1999.00044211888,NaN,BEST50_LOCKED_BASELINE_PASS_VARIANT_local_lqr,0,local_lqr,BEST50_LOCK_PASS_pass_rail_pass_angle_pass_velocity_pass_cart_pass_saturation_pass_settled_window
35,target_recovery,down_up,link1_ratio0.50_right_1N,1,0.5,right,1,0.08,1,0.53,0,PASS,7.12262247326963e-06,7.47698139761711e-05,6.34622789381251e-05,0.327214330893353,2.86915080522615,0.564482871866191,13.4073044230411,1.03077631388023,1,1,1,1,1,1,-0.0154551390818178,-0.63798576486519,0.113999644031576,2.23606894663311,3.22647080287507,1.44022817993312,local_lqr,-1998.30695262947,0.000291505085052163,0.0999928773775267,PASS,0,0,-1998.30695262947,NaN,BEST50_LOCKED_BASELINE_PASS_VARIANT_local_lqr,0,local_lqr,BEST50_LOCK_PASS_pass_rail_pass_angle_pass_velocity_pass_cart_pass_saturation_pass_settled_window
36,target_recovery,down_up,link1_ratio0.50_left_1N,1,0.5,left,1,0.08,1,0.54,0.000555247084952804,PASS,7.52913774133151e-06,7.80201003740504e-05,6.5099784651002e-05,0.322299273663005,2.92317443893186,0.60177904041129,15,1.03077640617754,1,1,1,1,1,1,0.0410684843344088,0.736847935134661,-0.10794003387312,-2.4016040003618,3.0609707903442,-1.49475822337881,local_lqr,-1998.20492219344,0.00169336043354704,0.0999924708622587,PASS,0,0,-1998.20492219344,NaN,BEST50_LOCKED_BASELINE_PASS_VARIANT_local_lqr,0,local_lqr,BEST50_LOCK_PASS_pass_rail_pass_angle_pass_velocity_pass_cart_pass_saturation_pass_settled_window
37,target_recovery,down_up,link1_ratio0.75_right_1N,1,0.75,right,1,0.08,1,1.47,0.00333148250971682,PASS,1.08077456230569e-05,0.000114316015943419,9.79774104021302e-05,0.486810950732596,4.15338345095738,0.85358625275017,15,1.06800026724114,1,1,1,1,1,1,-0.0288562442638627,-0.992374445033427,0.16719550779135,3.40749618652209,3.26659661271467,2.15748853771432,local_lqr,-1996.67961695903,0.00877348719387941,0.099989192254377,PASS,0,0,-1996.67961695903,NaN,BEST50_LOCKED_BASELINE_PASS_VARIANT_local_lqr,0,local_lqr,BEST50_LOCK_PASS_pass_rail_pass_angle_pass_velocity_pass_cart_pass_saturation_pass_settled_window
38,target_recovery,down_up,link1_ratio0.75_left_1N,1,0.75,left,1,0.08,1,1.49,0.00333148250971682,PASS,1.1263168753927e-05,0.000118337222673446,0.000100553328710265,0.479900613524787,4.15712230968438,0.893519722860499,15,1.06800038694121,1,1,1,1,1,1,0.0551927930748833,1.02734844994665,-0.162873862467059,-3.40521342293227,3.02040719248809,-2.15191603097093,local_lqr,-1996.5774013919,0.00878996075748762,0.0999887368312461,PASS,0,0,-1996.5774013919,NaN,BEST50_LOCKED_BASELINE_PASS_VARIANT_local_lqr,0,local_lqr,BEST50_LOCK_PASS_pass_rail_pass_angle_pass_velocity_pass_cart_pass_saturation_pass_settled_window
39,target_recovery,down_up,link1_ratio1.00_right_1N,1,1,right,1,0.08,1,1.86,0.00444197667962243,PASS,1.5903868189567e-05,0.000173373926063179,0.000154230655692438,0.679306018858406,5.16130748472225,1.23927237871976,15,1.11803364753752,1,1,1,1,1,1,-0.032999781336479,-1.09924326971985,0.197353120765677,3.98045546866849,3.29997453454174,2.7231907893401,local_lqr,-1995.46405288752,0.011774141474248,0.0999840961318104,PASS,0,0,-1995.46405288752,NaN,BEST50_LOCKED_BASELINE_PASS_VARIANT_local_lqr,0,local_lqr,BEST50_LOCK_PASS_pass_rail_pass_angle_pass_velocity_pass_cart_pass_saturation_pass_settled_window
40,target_recovery,down_up,link1_ratio1.00_left_1N,1,1,left,1,0.08,1,1.87,0.00444197667962243,PASS,1.63247915371547e-05,0.000176970245737213,0.000156377500472532,0.672513517091629,5.17196264137205,1.27643503334246,15,1.11803391156044,1,1,1,1,1,1,0.0593459276920021,1.13563975572984,-0.193064711430401,-3.98214264017812,2.98700919500619,-2.71922306853585,local_lqr,-1995.37754817528,0.0117890248022608,0.0999836752084629,PASS,0,0,-1995.37754817528,NaN,BEST50_LOCKED_BASELINE_PASS_VARIANT_local_lqr,0,local_lqr,BEST50_LOCK_PASS_pass_rail_pass_angle_pass_velocity_pass_cart_pass_saturation_pass_settled_window
41,target_recovery,down_up,link2_ratio0.25_right_1N,2,0.25,right,1,0.08,1,0.33,0,PASS,9.86577536591569e-07,1.27826356616663e-05,1.35176098808047e-05,0.15217460902527,1.25826055110436,0.0727748070918197,2.63709067901676,1.12499964773429,1,1,1,1,1,1,0.00913526497083698,-0.0611502764765858,0.0620693545937589,0.978455096483182,3.18559184663359,0.659485528200712,local_lqr,-1999.51991947136,4.72887615213457e-05,0.0999990134224634,PASS,0,0,-1999.51991947136,NaN,BEST50_LOCKED_BASELINE_PASS_VARIANT_local_lqr,0,local_lqr,BEST50_LOCK_PASS_pass_rail_pass_angle_pass_velocity_pass_cart_pass_saturation_pass_settled_window
42,target_recovery,down_up,link2_ratio0.25_left_1N,2,0.25,left,1,0.08,1,0.32,0,PASS,1.40156661000109e-06,1.60706323316008e-05,1.51352167292734e-05,0.146875469011206,1.23757057198738,0.106215671119514,2.76791610501394,1.12499997405664,1,1,1,1,1,1,0.0167707694473481,0.0926033497993832,-0.0566384813816675,-0.967434021422661,3.10178031946856,-0.651431352693757,local_lqr,-1999.46106235145,6.12306772093689e-05,0.09999859843339,PASS,0,0,-1999.46106235145,NaN,BEST50_LOCKED_BASELINE_PASS_VARIANT_local_lqr,0,local_lqr,BEST50_LOCK_PASS_pass_rail_pass_angle_pass_velocity_pass_cart_pass_saturation_pass_settled_window
43,target_recovery,down_up,link2_ratio0.50_right_1N,2,0.5,right,1,0.08,1,1.62,0.00333148250971682,PASS,1.36123539683811e-05,0.000140435251928889,0.000116484417344781,0.37499793637415,3.40388395747642,1.09495870822238,15,1.14564353903427,1,1,1,1,1,1,0.0526074521007674,1.04662242975341,-0.0771161916642457,-2.22679802160248,3.06934191602818,-1.50583824714802,local_lqr,-1996.03259276932,0.0088787993474997,0.0999863876460316,PASS,0,0,-1996.03259276932,NaN,BEST50_LOCKED_BASELINE_PASS_VARIANT_local_lqr,0,local_lqr,BEST50_LOCK_PASS_pass_rail_pass_angle_pass_velocity_pass_cart_pass_saturation_pass_settled_window
44,target_recovery,down_up,link2_ratio0.50_left_1N,2,0.5,left,1,0.08,1,1.61,0.00333148250971682,PASS,1.32268493441101e-05,0.000137342421040975,0.000114911171630408,0.381815305781458,3.39735912477668,1.05894613234866,15,1.14564354382763,1,1,1,1,1,1,-0.0262986188084645,-1.01105028382277,0.0815301299888347,2.22823719625071,3.21771763451616,1.51203543688871,local_lqr,-1996.116708039,0.00886574184494143,0.0999867731506559,PASS,0,0,-1996.116708039,NaN,BEST50_LOCKED_BASELINE_PASS_VARIANT_local_lqr,0,local_lqr,BEST50_LOCK_PASS_pass_rail_pass_angle_pass_velocity_pass_cart_pass_saturation_pass_settled_window
45,target_recovery,down_up,link2_ratio0.75_right_1N,2,0.75,right,1,0.08,1,4.3,0.0360910605219323,PASS,0.000281061540149311,0.00437578441532533,0.00488044930099844,3.59848435166928,20.1236069985941,1.89555784982023,15,1.17924735068327,1,1,1,1,1,1,0.0661229842782026,1.22652652319622,-0.140811622544797,-3.13513301322912,2.97633643270869,-3.0155213078089,hard_catch_upup_l2_high_contact,-1987.23759526346,0.771722012217421,0.0544421501797663,PASS,0,1,10621537.580199,NaN,BEST50_LOCKED_BASELINE_PASS_VARIANT_hard_catch_upup_l2_high_contact,0,hard_catch_upup_l2_high_contact,BEST50_LOCK_PASS_pass_rail_pass_angle_pass_velocity_pass_cart_pass_saturation_pass_settled_window
46,target_recovery,down_up,link2_ratio0.75_left_1N,2,0.75,left,1,0.08,1,6.13,0.0449750138811771,PASS,0.000177501184478135,0.000797842602474899,0.000750127993006787,3.56465424029122,18.5191643162038,1.89248907283596,15,1.17924720496261,1,1,1,1,1,1,-0.0397708469120007,-1.19021779080339,0.145111372664689,3.13459556238508,3.31068429873597,3.02112744003794,hard_catch_energy_angle,-1985.34240605467,0.779156431929454,0.0575109271640371,PASS,0,1,10621309.8242222,NaN,BEST50_LOCKED_BASELINE_PASS_VARIANT_hard_catch_energy_angle,0,hard_catch_energy_angle,BEST50_LOCK_PASS_pass_rail_pass_angle_pass_velocity_pass_cart_pass_saturation_pass_settled_window
47,target_recovery,down_up,link2_ratio1.00_right_1N,2,1,right,1,0.08,0,NaN,0.203775680177679,FINAL_STATE_OUTSIDE_RECOVERY_GATE|CART_RAIL_LIMIT_EXCEEDED|NO_SETTLED_RECOVERY_WINDOW,0.31113797608837,2.46550431973977,0.67321330769432,4.04788819469306,36.1365305012188,3.62791437467057,15,1.22474462520903,1,1,0,0,1,0,0.0705240195056301,1.27549947117907,-0.181853811129497,-3.73874498061304,2.88983058729489,-4.47194658808307,upup_force_l2_ratio100_ratekill,10620218.8852649,13.8745548958893,-1.67791437467057,FINAL_STATE_OUTSIDE_RECOVERY_GATE,1,1,10620135.7858218,10601724.9809898,NO_TRAJ_CANDIDATE_PASSED_BEST_NONLOCAL_SELECTED_FAIL_fail_rail_fail_angle_fail_velocity_pass_cart_pass_saturation_fail_settled_window,1,local_lqr|ss_hs07_g01|ss_hs07_g02|ss_hs07_g03|ss_hs07_g04|ss_hs07_g05|ss_hs07_g06|ss_hs07_g07|ss_hs07_g08|ss_hs07_g09|ss_hs07_g10|ss_hs07_g11|ss_hs07_g12|ss_hs07_g13|ss_hs07_g14|ss_hs07_g15|ss_hs07_g16|ss_hs07_g17|ss_hs07_g18|ss_hs07_railclamp|ss_hs07_anglecatch|ss_hs07_latehandoff|lib_target_downup_l2_r100_right_railbarrier|lib_target_downup_l2_r100_right_velocity|lib_target_downup_l2_r100_right_catch|hard_catch_downup_l2_high_contact|hard_catch_rail_barrier|hard_catch_energy_angle|terminal_downup_l2_high_contact|terminal_rail_brake_angle_damp_settle|terminal_low_saturation_settle|fail_downup_l2_high_contact|emergency_rail_safe_takeover|upup_force_l2_ratio075_autotune|upup_force_l2_ratio100_autotune|upup_force_l1_ratio100_autotune|upup_force_after_switch_autotune|upup_force_l2_ratio075_ratekill|upup_force_l2_ratio100_ratekill|upup_force_l1_ratio100_ratekill|upup_phase_l2_ratio075|upup_phase_l2_ratio100|upup_phase_l1_ratio100|upup_phase_energy_sweep|upup_phase_after_switch|upup_phase_rail_guard|hard_catch_upup_l2_high_contact|hard_catch_upup_l1_ratio1|terminal_upup_l2_high_contact|terminal_upup_l1_ratio1|roa_traj_tvlqr_nominal|traj_cart_safe,LOCAL_BASELINE|FAIL_fail_rail_fail_angle_fail_velocity_pass_cart_pass_saturation_fail_settled_window|FAIL_fail_rail_fail_angle_fail_velocity_fail_cart_pass_saturation_fail_settled_window|FAIL_fail_rail_fail_angle_fail_velocity_pass_cart_pass_saturation_fail_settled_window|FAIL_fail_rail_fail_angle_fail_velocity_pass_cart_pass_saturation_fail_settled_window|FAIL_fail_rail_fail_angle_fail_velocity_pass_cart_pass_saturation_fail_settled_window|FAIL_fail_rail_fail_angle_fail_velocity_pass_cart_pass_saturation_fail_settled_window|FAIL_fail_rail_fail_angle_fail_velocity_pass_cart_pass_saturation_fail_settled_window|FAIL_fail_rail_fail_angle_fail_velocity_pass_cart_pass_saturation_fail_settled_window|FAIL_fail_rail_fail_angle_fail_velocity_fail_cart_pass_saturation_fail_settled_window|FAIL_fail_rail_fail_angle_fail_velocity_pass_cart_pass_saturation_fail_settled_window|FAIL_fail_rail_fail_angle_fail_velocity_fail_cart_pass_saturation_fail_settled_window|FAIL_fail_rail_fail_angle_fail_velocity_pass_cart_pass_saturation_fail_settled_window|FAIL_fail_rail_fail_angle_fail_velocity_pass_cart_pass_saturation_fail_settled_window|FAIL_fail_rail_fail_angle_fail_velocity_pass_cart_pass_saturation_fail_settled_window|FAIL_fail_rail_fail_angle_fail_velocity_fail_cart_pass_saturation_fail_settled_window|FAIL_fail_rail_fail_angle_fail_velocity_pass_cart_pass_saturation_fail_settled_window|FAIL_fail_rail_fail_angle_fail_velocity_pass_cart_pass_saturation_fail_settled_window|FAIL_fail_rail_fail_angle_fail_velocity_pass_cart_pass_saturation_fail_settled_window|FAIL_fail_rail_fail_angle_fail_velocity_pass_cart_pass_saturation_fail_settled_window|FAIL_fail_rail_fail_angle_fail_velocity_fail_cart_pass_saturation_fail_settled_window|FAIL_fail_rail_fail_angle_fail_velocity_fail_cart_pass_saturation_fail_settled_window|FAIL_fail_rail_fail_angle_fail_velocity_pass_cart_pass_saturation_fail_settled_window|FAIL_fail_rail_fail_angle_fail_velocity_pass_cart_pass_saturation_fail_settled_window|FAIL_fail_rail_fail_angle_fail_velocity_pass_cart_pass_saturation_fail_settled_window|FAIL_fail_rail_fail_angle_fail_velocity_fail_cart_pass_saturation_fail_settled_window|FAIL_fail_rail_fail_angle_fail_velocity_pass_cart_pass_saturation_fail_settled_window|FAIL_fail_rail_fail_angle_fail_velocity_pass_cart_pass_saturation_fail_settled_window|FAIL_fail_rail_fail_angle_fail_velocity_pass_cart_pass_saturation_fail_settled_window|FAIL_fail_rail_fail_angle_fail_velocity_pass_cart_pass_saturation_fail_settled_window|FAIL_fail_rail_fail_angle_fail_velocity_pass_cart_pass_saturation_fail_settled_window|FAIL_fail_rail_fail_angle_fail_velocity_pass_cart_pass_saturation_fail_settled_window|FAIL_fail_rail_fail_angle_fail_velocity_pass_cart_pass_saturation_fail_settled_window|FAIL_fail_rail_fail_angle_fail_velocity_fail_cart_pass_saturation_fail_settled_window|FAIL_fail_rail_fail_angle_fail_velocity_pass_cart_pass_saturation_fail_settled_window|FAIL_fail_rail_fail_angle_fail_velocity_pass_cart_pass_saturation_fail_settled_window|FAIL_fail_rail_fail_angle_fail_velocity_pass_cart_pass_saturation_fail_settled_window|FAIL_fail_rail_fail_angle_fail_velocity_fail_cart_pass_saturation_fail_settled_window|FAIL_fail_rail_fail_angle_fail_velocity_pass_cart_pass_saturation_fail_settled_window|FAIL_fail_rail_fail_angle_fail_velocity_fail_cart_pass_saturation_fail_settled_window|FAIL_fail_rail_fail_angle_fail_velocity_pass_cart_pass_saturation_pass_settled_window|FAIL_fail_rail_fail_angle_fail_velocity_pass_cart_pass_saturation_fail_settled_window|FAIL_fail_rail_fail_angle_fail_velocity_pass_cart_pass_saturation_fail_settled_window|FAIL_fail_rail_fail_angle_fail_velocity_fail_cart_pass_saturation_fail_settled_window|FAIL_fail_rail_fail_angle_fail_velocity_fail_cart_pass_saturation_fail_settled_window|FAIL_fail_rail_fail_angle_fail_velocity_pass_cart_pass_saturation_fail_settled_window|FAIL_fail_rail_fail_angle_fail_velocity_pass_cart_pass_saturation_fail_settled_window|FAIL_fail_rail_fail_angle_fail_velocity_pass_cart_pass_saturation_fail_settled_window|FAIL_fail_rail_fail_angle_fail_velocity_pass_cart_pass_saturation_fail_settled_window|FAIL_fail_rail_fail_angle_fail_velocity_fail_cart_pass_saturation_fail_settled_window|FAIL_fail_rail_fail_angle_fail_velocity_fail_cart_pass_saturation_fail_settled_window|FAIL_fail_rail_fail_angle_fail_velocity_pass_cart_pass_saturation_fail_settled_window
48,target_recovery,down_up,link2_ratio1.00_left_1N,2,1,left,1,0.08,0,NaN,0.245419211549139,FINAL_STATE_OUTSIDE_RECOVERY_GATE|CART_RAIL_LIMIT_EXCEEDED|NO_SETTLED_RECOVERY_WINDOW,0.157216582155071,4.54561341965685,1.49100448252574,4.23449902523274,34.313922968205,4.05581147710397,15,1.22474436640702,1,1,0,0,1,0,-0.0441708802825396,-1.2391549470499,0.186148103403786,3.73804711588339,3.39718490117939,4.47751606497115,ss_hs08_g15,10620199.4301716,14.968077682701,-2.10581147710397,FINAL_STATE_OUTSIDE_RECOVERY_GATE,1,1,10500036.4159312,10620199.4301716,NO_TRAJ_CANDIDATE_PASSED_BEST_NONLOCAL_SELECTED_FAIL_fail_rail_fail_angle_fail_velocity_pass_cart_pass_saturation_fail_settled_window,1,local_lqr|ss_hs08_g01|ss_hs08_g02|ss_hs08_g03|ss_hs08_g04|ss_hs08_g05|ss_hs08_g06|ss_hs08_g07|ss_hs08_g08|ss_hs08_g09|ss_hs08_g10|ss_hs08_g11|ss_hs08_g12|ss_hs08_g13|ss_hs08_g14|ss_hs08_g15|ss_hs08_g16|ss_hs08_g17|ss_hs08_g18|ss_hs08_railclamp|ss_hs08_anglecatch|ss_hs08_latehandoff|lib_target_downup_l2_r100_left_railbarrier|lib_target_downup_l2_r100_left_velocity|lib_target_downup_l2_r100_left_catch|hard_catch_downup_l2_high_contact|hard_catch_rail_barrier|hard_catch_energy_angle|terminal_downup_l2_high_contact|terminal_rail_brake_angle_damp_settle|terminal_low_saturation_settle|fail_downup_l2_high_contact|emergency_rail_safe_takeover|upup_force_l2_ratio075_autotune|upup_force_l2_ratio100_autotune|upup_force_l1_ratio100_autotune|upup_force_after_switch_autotune|upup_force_l2_ratio075_ratekill|upup_force_l2_ratio100_ratekill|upup_force_l1_ratio100_ratekill|upup_phase_l2_ratio075|upup_phase_l2_ratio100|upup_phase_l1_ratio100|upup_phase_energy_sweep|upup_phase_after_switch|upup_phase_rail_guard|hard_catch_upup_l2_high_contact|hard_catch_upup_l1_ratio1|terminal_upup_l2_high_contact|terminal_upup_l1_ratio1|roa_traj_tvlqr_nominal|traj_cart_safe,LOCAL_BASELINE|FAIL_fail_rail_fail_angle_fail_velocity_pass_cart_pass_saturation_fail_settled_window|FAIL_fail_rail_fail_angle_fail_velocity_pass_cart_pass_saturation_fail_settled_window|FAIL_fail_rail_fail_angle_fail_velocity_pass_cart_pass_saturation_fail_settled_window|FAIL_fail_rail_fail_angle_fail_velocity_fail_cart_pass_saturation_fail_settled_window|FAIL_fail_rail_fail_angle_fail_velocity_fail_cart_pass_saturation_fail_settled_window|FAIL_fail_rail_fail_angle_fail_velocity_pass_cart_pass_saturation_fail_settled_window|FAIL_fail_rail_fail_angle_fail_velocity_fail_cart_pass_saturation_fail_settled_window|FAIL_fail_rail_fail_angle_fail_velocity_pass_cart_pass_saturation_fail_settled_window|FAIL_fail_rail_fail_angle_fail_velocity_fail_cart_pass_saturation_fail_settled_window|FAIL_fail_rail_fail_angle_fail_velocity_fail_cart_pass_saturation_fail_settled_window|FAIL_fail_rail_fail_angle_fail_velocity_pass_cart_pass_saturation_fail_settled_window|FAIL_fail_rail_fail_angle_fail_velocity_fail_cart_pass_saturation_fail_settled_window|FAIL_fail_rail_fail_angle_fail_velocity_pass_cart_pass_saturation_fail_settled_window|FAIL_fail_rail_fail_angle_fail_velocity_fail_cart_pass_saturation_fail_settled_window|FAIL_fail_rail_fail_angle_fail_velocity_pass_cart_pass_saturation_fail_settled_window|FAIL_fail_rail_fail_angle_fail_velocity_fail_cart_pass_saturation_fail_settled_window|FAIL_fail_rail_fail_angle_fail_velocity_pass_cart_pass_saturation_fail_settled_window|FAIL_fail_rail_fail_angle_fail_velocity_fail_cart_pass_saturation_fail_settled_window|FAIL_fail_rail_fail_angle_fail_velocity_pass_cart_pass_saturation_fail_settled_window|FAIL_fail_rail_fail_angle_fail_velocity_fail_cart_pass_saturation_fail_settled_window|FAIL_fail_rail_fail_angle_fail_velocity_fail_cart_pass_saturation_fail_settled_window|FAIL_fail_rail_fail_angle_fail_velocity_pass_cart_pass_saturation_fail_settled_window|FAIL_fail_rail_fail_angle_fail_velocity_pass_cart_pass_saturation_fail_settled_window|FAIL_fail_rail_fail_angle_fail_velocity_pass_cart_pass_saturation_fail_settled_window|FAIL_fail_rail_fail_angle_fail_velocity_pass_cart_pass_saturation_fail_settled_window|FAIL_fail_rail_fail_angle_fail_velocity_pass_cart_pass_saturation_fail_settled_window|FAIL_fail_rail_fail_angle_fail_velocity_fail_cart_pass_saturation_fail_settled_window|FAIL_fail_rail_fail_angle_fail_velocity_pass_cart_pass_saturation_fail_settled_window|FAIL_fail_rail_fail_angle_fail_velocity_pass_cart_pass_saturation_fail_settled_window|FAIL_fail_rail_fail_angle_fail_velocity_pass_cart_pass_saturation_fail_settled_window|FAIL_fail_rail_fail_angle_fail_velocity_pass_cart_pass_saturation_fail_settled_window|FAIL_fail_rail_fail_angle_fail_velocity_pass_cart_pass_saturation_fail_settled_window|FAIL_fail_rail_fail_angle_fail_velocity_fail_cart_pass_saturation_fail_settled_window|FAIL_fail_rail_fail_angle_fail_velocity_pass_cart_pass_saturation_fail_settled_window|FAIL_fail_rail_fail_angle_fail_velocity_pass_cart_pass_saturation_fail_settled_window|FAIL_fail_rail_fail_angle_fail_velocity_pass_cart_pass_saturation_fail_settled_window|FAIL_fail_rail_fail_angle_fail_velocity_pass_cart_pass_saturation_fail_settled_window|FAIL_fail_rail_fail_angle_fail_velocity_fail_cart_pass_saturation_fail_settled_window|FAIL_fail_rail_fail_angle_fail_velocity_fail_cart_pass_saturation_fail_settled_window|FAIL_fail_rail_fail_angle_fail_velocity_pass_cart_pass_saturation_fail_settled_window|FAIL_fail_rail_fail_angle_fail_velocity_pass_cart_pass_saturation_fail_settled_window|FAIL_fail_rail_fail_angle_fail_velocity_pass_cart_pass_saturation_fail_settled_window|FAIL_fail_rail_fail_angle_fail_velocity_pass_cart_pass_saturation_fail_settled_window|FAIL_fail_rail_fail_angle_fail_velocity_pass_cart_pass_saturation_fail_settled_window|FAIL_fail_rail_fail_angle_fail_velocity_pass_cart_pass_saturation_fail_settled_window|FAIL_fail_rail_fail_angle_fail_velocity_fail_cart_pass_saturation_fail_settled_window|FAIL_fail_rail_fail_angle_fail_velocity_pass_cart_pass_saturation_fail_settled_window|FAIL_fail_rail_fail_angle_fail_velocity_pass_cart_pass_saturation_fail_settled_window|FAIL_fail_rail_fail_angle_fail_velocity_fail_cart_pass_saturation_fail_settled_window|FAIL_fail_rail_fail_angle_fail_velocity_pass_cart_pass_saturation_fail_settled_window|FAIL_fail_rail_fail_angle_fail_velocity_fail_cart_fail_saturation_fail_settled_window
1,after_full_switching,up_up,link1_ratio0.25_right_1N,1,0.25,right,1,0.08,1,1.11022302462516e-16,0,PASS,2.07080218784674e-06,2.81343189863456e-05,3.05404815061348e-05,0.0956848626544729,0.754206244078919,0.228946778485418,4.58765503170831,1.00778221615246,1,1,1,1,1,1,0.0409930215348368,0.342126473170994,3.16131695101114,0.595349253414654,3.15833708951816,0.20994591475435,local_lqr,-1999.52864511806,0.000102682176910167,0.0999979291978122,PASS,0,0,-1999.52864511806,NaN,BEST50_LOCKED_BASELINE_PASS_VARIANT_local_lqr,0,local_lqr,BEST50_LOCK_PASS_pass_rail_pass_angle_pass_velocity_pass_cart_pass_saturation_pass_settled_window
2,after_full_switching,up_up,link1_ratio0.25_left_1N,1,0.25,left,1,0.08,1,1.11022302462516e-16,0,PASS,2.10179598681619e-06,2.73777083148304e-05,2.87850516255815e-05,0.0982248791928806,0.774585173149904,0.232875798397358,4.56333809982373,1.00778221588937,1,1,1,1,1,1,0.00880268197701872,-0.383512151858701,3.12001722085854,-0.595669788187455,3.12302951894237,-0.210318911778825,local_lqr,-1999.52060167274,0.000100927904309328,0.0999978982040132,PASS,0,0,-1999.52060167274,NaN,BEST50_LOCKED_BASELINE_PASS_VARIANT_local_lqr,0,local_lqr,BEST50_LOCK_PASS_pass_rail_pass_angle_pass_velocity_pass_cart_pass_saturation_pass_settled_window
3,after_full_switching,up_up,link1_ratio0.50_right_1N,1,0.5,right,1,0.08,1,0.44,0.00111049416990561,PASS,4.29581295258284e-06,5.81246386562555e-05,6.29061070278143e-05,0.187176226362137,1.76962998266488,0.474971974270311,15,1.03077640039275,1,1,1,1,1,1,0.0577440198706164,0.819623905473895,3.18338121186417,1.47758108213562,3.17586617578329,0.335076409892379,local_lqr,-1998.55159936867,0.00298857817415676,0.0999957041870474,PASS,0,0,-1998.55159936867,NaN,BEST50_LOCKED_BASELINE_PASS_VARIANT_local_lqr,0,local_lqr,BEST50_LOCK_PASS_pass_rail_pass_angle_pass_velocity_pass_cart_pass_saturation_pass_settled_window
4,after_full_switching,up_up,link1_ratio0.50_left_1N,1,0.5,left,1,0.08,1,0.45,0.00111049416990561,PASS,4.3369444740603e-06,5.75266550169131e-05,6.13395561299094e-05,0.189606807944879,1.78985561344841,0.479856317435807,15,1.03077640524347,1,1,1,1,1,1,-0.00795657815828959,-0.861413578773462,3.09793110311772,-1.4789406846022,3.10551018187062,-0.335035230635961,local_lqr,-1998.53158712004,0.00298738506459104,0.0999956630555259,PASS,0,0,-1998.53158712004,NaN,BEST50_LOCKED_BASELINE_PASS_VARIANT_local_lqr,0,local_lqr,BEST50_LOCK_PASS_pass_rail_pass_angle_pass_velocity_pass_cart_pass_saturation_pass_settled_window
5,after_full_switching,up_up,link1_ratio0.75_right_1N,1,0.75,right,1,0.08,1,3.32,0.00277623542476402,PASS,8.09181602953798e-06,1.04516935588619e-05,2.41763125851817e-05,0.314311586490865,2.2355581707578,1.56636636844567,15,1.06800046616759,1,1,1,1,1,1,0.0698307151618531,1.09696528452286,3.1934330553282,1.84074810148738,3.19740275112158,0.637207914470811,traj_cart_safe,-1992.58756678659,0.166929577265923,0.0999919081839705,PASS,0,1,-1996.67665069693,NaN,BEST50_LOCKED_BASELINE_PASS_VARIANT_traj_cart_safe,0,traj_cart_safe,BEST50_LOCK_PASS_pass_rail_pass_angle_pass_velocity_pass_cart_pass_saturation_pass_settled_window
6,after_full_switching,up_up,link1_ratio0.75_left_1N,1,0.75,left,1,0.08,1,3.34,0.00277623542476402,PASS,8.44783617064978e-06,1.17555315150269e-05,2.41229808474831e-05,0.315456925468277,2.26092721294392,1.54072707692315,15,1.06800046428729,1,1,1,1,1,1,-0.0200627728337933,-1.13946208329778,3.08782712708097,-1.84398997166764,3.08399556504831,-0.636373694147985,traj_cart_safe,-1992.81720263978,0.127493330758315,0.0999915521638294,PASS,0,1,-1996.6989982139,NaN,BEST50_LOCKED_BASELINE_PASS_VARIANT_traj_cart_safe,0,traj_cart_safe,BEST50_LOCK_PASS_pass_rail_pass_angle_pass_velocity_pass_cart_pass_saturation_pass_settled_window
7,after_full_switching,up_up,link1_ratio1.00_right_1N,1,1,right,1,0.08,0,13.38,0.0499782703172534,CART_RAIL_LIMIT_EXCEEDED,2.2583537158816e-05,0.000146740122691964,0.000113013555075336,4.38322733653677,38.3764280021549,2.03150088735074,15,1.11803389729498,1,1,1,0,1,1,0.0741236025048882,1.14976936091169,3.18312088547288,1.6060781949146,3.2261439607941,1.16516736845611,upup_phase_rail_guard,10500009.6824609,1.00106688000456,-0.0815008873507421,CART_RAIL_LIMIT_EXCEEDED,1,1,10651913.6757841,10500009.6824609,NO_TRAJ_CANDIDATE_PASSED_BEST_NONLOCAL_SELECTED_FAIL_fail_rail_pass_angle_pass_velocity_pass_cart_pass_saturation_pass_settled_window,1,local_lqr|targeted_railclamp_hs09|ss_hs09_g01|ss_hs09_g02|ss_hs09_g03|ss_hs09_g04|ss_hs09_g05|ss_hs09_g06|ss_hs09_g07|ss_hs09_g08|ss_hs09_g09|ss_hs09_g10|ss_hs09_g11|ss_hs09_g12|ss_hs09_g13|ss_hs09_g14|ss_hs09_g15|ss_hs09_g16|ss_hs09_g17|ss_hs09_g18|ss_hs09_railclamp|ss_hs09_anglecatch|ss_hs09_latehandoff|lib_after_upup_l1_r100_right_pre_angle|lib_after_upup_l1_r100_right_ratekill|lib_after_upup_l1_r100_right_late_lqr|upup_force_l1_ratio100_autotune|upup_force_l1_ratio100_ratekill|upup_force_l1_ratio100_latehandoff|upup_phase_l1_ratio100|upup_phase_energy_sweep|upup_phase_after_switch|upup_force_after_switch_autotune|upup_phase_rail_guard|hard_catch_upup_l2_high_contact|hard_catch_upup_l1_ratio1|hard_catch_energy_angle|roa_traj_tvlqr_nominal|traj_cart_safe|terminal_upup_l2_high_contact|terminal_upup_l1_ratio1|emergency_rail_safe_takeover|upup_force_l2_ratio075_autotune|upup_force_l2_ratio100_autotune|upup_force_l2_ratio075_ratekill|upup_force_l2_ratio100_ratekill|upup_phase_l2_ratio075|upup_phase_l2_ratio100|hard_catch_rail_barrier,LOCAL_BASELINE|FAIL_fail_rail_fail_angle_fail_velocity_pass_cart_pass_saturation_fail_settled_window|FAIL_fail_rail_fail_angle_fail_velocity_pass_cart_pass_saturation_fail_settled_window|FAIL_fail_rail_fail_angle_fail_velocity_pass_cart_pass_saturation_fail_settled_window|FAIL_fail_rail_fail_angle_fail_velocity_pass_cart_pass_saturation_fail_settled_window|FAIL_fail_rail_fail_angle_fail_velocity_pass_cart_pass_saturation_fail_settled_window|FAIL_fail_rail_fail_angle_fail_velocity_pass_cart_pass_saturation_fail_settled_window|FAIL_fail_rail_fail_angle_fail_velocity_pass_cart_pass_saturation_fail_settled_window|FAIL_fail_rail_fail_angle_fail_velocity_pass_cart_pass_saturation_fail_settled_window|FAIL_fail_rail_fail_angle_fail_velocity_fail_cart_pass_saturation_fail_settled_window|FAIL_fail_rail_fail_angle_fail_velocity_pass_cart_pass_saturation_fail_settled_window|FAIL_fail_rail_fail_angle_fail_velocity_fail_cart_pass_saturation_fail_settled_window|FAIL_fail_rail_fail_angle_fail_velocity_fail_cart_pass_saturation_fail_settled_window|FAIL_fail_rail_fail_angle_fail_velocity_pass_cart_pass_saturation_fail_settled_window|FAIL_fail_rail_fail_angle_fail_velocity_pass_cart_pass_saturation_fail_settled_window|FAIL_fail_rail_fail_angle_fail_velocity_pass_cart_pass_saturation_fail_settled_window|FAIL_fail_rail_fail_angle_fail_velocity_pass_cart_pass_saturation_fail_settled_window|FAIL_fail_rail_fail_angle_fail_velocity_pass_cart_pass_saturation_fail_settled_window|FAIL_fail_rail_fail_angle_fail_velocity_pass_cart_pass_saturation_fail_settled_window|FAIL_fail_rail_fail_angle_fail_velocity_pass_cart_pass_saturation_fail_settled_window|FAIL_fail_rail_fail_angle_fail_velocity_pass_cart_pass_saturation_fail_settled_window|FAIL_fail_rail_fail_angle_fail_velocity_pass_cart_pass_saturation_fail_settled_window|FAIL_fail_rail_fail_angle_fail_velocity_fail_cart_pass_saturation_fail_settled_window|FAIL_fail_rail_fail_angle_fail_velocity_pass_cart_pass_saturation_fail_settled_window|FAIL_fail_rail_fail_angle_fail_velocity_fail_cart_pass_saturation_fail_settled_window|FAIL_fail_rail_fail_angle_fail_velocity_pass_cart_pass_saturation_fail_settled_window|FAIL_fail_rail_fail_angle_fail_velocity_pass_cart_pass_saturation_fail_settled_window|FAIL_fail_rail_fail_angle_fail_velocity_pass_cart_pass_saturation_fail_settled_window|FAIL_fail_rail_fail_angle_fail_velocity_fail_cart_pass_saturation_fail_settled_window|FAIL_fail_rail_fail_angle_fail_velocity_fail_cart_pass_saturation_fail_settled_window|FAIL_fail_rail_fail_angle_fail_velocity_pass_cart_pass_saturation_fail_settled_window|FAIL_fail_rail_fail_angle_fail_velocity_fail_cart_pass_saturation_fail_settled_window|FAIL_fail_rail_fail_angle_fail_velocity_pass_cart_pass_saturation_fail_settled_window|FAIL_fail_rail_pass_angle_pass_velocity_pass_cart_pass_saturation_pass_settled_window|FAIL_fail_rail_fail_angle_fail_velocity_pass_cart_pass_saturation_fail_settled_window|FAIL_fail_rail_fail_angle_fail_velocity_pass_cart_pass_saturation_fail_settled_window|FAIL_fail_rail_fail_angle_fail_velocity_pass_cart_pass_saturation_fail_settled_window|FAIL_fail_rail_fail_angle_fail_velocity_fail_cart_fail_saturation_fail_settled_window|FAIL_fail_rail_fail_angle_fail_velocity_fail_cart_pass_saturation_fail_settled_window|FAIL_fail_rail_fail_angle_fail_velocity_pass_cart_pass_saturation_fail_settled_window|FAIL_fail_rail_fail_angle_fail_velocity_pass_cart_pass_saturation_fail_settled_window|FAIL_fail_rail_fail_angle_fail_velocity_pass_cart_pass_saturation_fail_settled_window|FAIL_fail_rail_fail_angle_fail_velocity_pass_cart_pass_saturation_fail_settled_window|FAIL_fail_rail_fail_angle_fail_velocity_pass_cart_pass_saturation_fail_settled_window|FAIL_fail_rail_fail_angle_fail_velocity_pass_cart_pass_saturation_fail_settled_window|FAIL_fail_rail_fail_angle_fail_velocity_fail_cart_pass_saturation_fail_settled_window|FAIL_fail_rail_fail_angle_fail_velocity_fail_cart_pass_saturation_fail_settled_window|FAIL_fail_rail_fail_angle_fail_velocity_pass_cart_pass_saturation_fail_settled_window|FAIL_fail_rail_fail_angle_fail_velocity_pass_cart_pass_saturation_fail_settled_window
8,after_full_switching,up_up,link1_ratio1.00_left_1N,1,1,left,1,0.08,0,NaN,0.116471099521947,FINAL_STATE_OUTSIDE_RECOVERY_GATE|NO_SETTLED_RECOVERY_WINDOW,1.91554192362554,2.89782387493082,0.648576536769648,4.3849563950219,41.9341186098835,1.94228054073242,15,1.11803398869551,1,1,0,1,1,0,-0.0243835882402975,-1.19274122925392,3.09806294314876,-1.61075974718737,3.05528744505485,-1.16349171346178,hard_catch_upup_l2_high_contact,120929.931564084,43.7083537141968,-1.81554192362554,FINAL_STATE_OUTSIDE_RECOVERY_GATE,1,1,10651304.4176789,120929.931564084,NO_TRAJ_CANDIDATE_PASSED_BEST_NONLOCAL_SELECTED_FAIL_pass_rail_fail_angle_fail_velocity_pass_cart_pass_saturation_fail_settled_window,1,local_lqr|ss_hs10_g01|ss_hs10_g02|ss_hs10_g03|ss_hs10_g04|ss_hs10_g05|ss_hs10_g06|ss_hs10_g07|ss_hs10_g08|ss_hs10_g09|ss_hs10_g10|ss_hs10_g11|ss_hs10_g12|ss_hs10_g13|ss_hs10_g14|ss_hs10_g15|ss_hs10_g16|ss_hs10_g17|ss_hs10_g18|ss_hs10_railclamp|ss_hs10_anglecatch|ss_hs10_latehandoff|lib_after_upup_l1_r100_left_pre_angle|lib_after_upup_l1_r100_left_ratekill|lib_after_upup_l1_r100_left_late_lqr|upup_force_l1_ratio100_autotune|upup_force_l1_ratio100_ratekill|upup_force_l1_ratio100_latehandoff|upup_phase_l1_ratio100|upup_phase_energy_sweep|upup_phase_after_switch|upup_force_after_switch_autotune|upup_phase_rail_guard|hard_catch_upup_l2_high_contact|hard_catch_upup_l1_ratio1|hard_catch_energy_angle|roa_traj_tvlqr_nominal|traj_cart_safe|terminal_upup_l2_high_contact|terminal_upup_l1_ratio1|emergency_rail_safe_takeover|upup_force_l2_ratio075_autotune|upup_force_l2_ratio100_autotune|upup_force_l2_ratio075_ratekill|upup_force_l2_ratio100_ratekill|upup_phase_l2_ratio075|upup_phase_l2_ratio100|hard_catch_rail_barrier,LOCAL_BASELINE|FAIL_fail_rail_fail_angle_fail_velocity_pass_cart_pass_saturation_fail_settled_window|FAIL_fail_rail_fail_angle_fail_velocity_pass_cart_pass_saturation_fail_settled_window|FAIL_fail_rail_fail_angle_fail_velocity_fail_cart_pass_saturation_fail_settled_window|FAIL_fail_rail_fail_angle_pass_velocity_fail_cart_pass_saturation_fail_settled_window|FAIL_fail_rail_fail_angle_fail_velocity_fail_cart_pass_saturation_fail_settled_window|FAIL_fail_rail_fail_angle_fail_velocity_fail_cart_pass_saturation_fail_settled_window|FAIL_fail_rail_fail_angle_fail_velocity_pass_cart_pass_saturation_fail_settled_window|FAIL_fail_rail_fail_angle_fail_velocity_pass_cart_pass_saturation_fail_settled_window|FAIL_fail_rail_fail_angle_fail_velocity_fail_cart_pass_saturation_fail_settled_window|FAIL_fail_rail_fail_angle_fail_velocity_pass_cart_pass_saturation_fail_settled_window|FAIL_fail_rail_fail_angle_fail_velocity_fail_cart_pass_saturation_fail_settled_window|FAIL_fail_rail_fail_angle_fail_velocity_fail_cart_pass_saturation_fail_settled_window|FAIL_fail_rail_fail_angle_fail_velocity_pass_cart_pass_saturation_fail_settled_window|FAIL_fail_rail_fail_angle_fail_velocity_pass_cart_pass_saturation_fail_settled_window|FAIL_fail_rail_fail_angle_fail_velocity_pass_cart_pass_saturation_fail_settled_window|FAIL_fail_rail_fail_angle_fail_velocity_pass_cart_pass_saturation_fail_settled_window|FAIL_fail_rail_fail_angle_fail_velocity_pass_cart_pass_saturation_fail_settled_window|FAIL_fail_rail_fail_angle_fail_velocity_pass_cart_pass_saturation_fail_settled_window|FAIL_fail_rail_fail_angle_fail_velocity_pass_cart_pass_saturation_fail_settled_window|FAIL_fail_rail_fail_angle_fail_velocity_pass_cart_pass_saturation_fail_settled_window|FAIL_fail_rail_fail_angle_fail_velocity_pass_cart_pass_saturation_fail_settled_window|FAIL_fail_rail_fail_angle_fail_velocity_pass_cart_pass_saturation_fail_settled_window|FAIL_fail_rail_fail_angle_fail_velocity_pass_cart_pass_saturation_fail_settled_window|FAIL_fail_rail_fail_angle_fail_velocity_pass_cart_pass_saturation_fail_settled_window|FAIL_fail_rail_fail_angle_fail_velocity_pass_cart_pass_saturation_fail_settled_window|FAIL_fail_rail_fail_angle_fail_velocity_fail_cart_pass_saturation_fail_settled_window|FAIL_fail_rail_fail_angle_fail_velocity_pass_cart_pass_saturation_fail_settled_window|FAIL_fail_rail_fail_angle_fail_velocity_pass_cart_pass_saturation_fail_settled_window|FAIL_fail_rail_fail_angle_fail_velocity_fail_cart_pass_saturation_fail_settled_window|FAIL_fail_rail_fail_angle_fail_velocity_pass_cart_pass_saturation_fail_settled_window|FAIL_fail_rail_fail_angle_fail_velocity_pass_cart_pass_saturation_fail_settled_window|FAIL_fail_rail_fail_angle_fail_velocity_pass_cart_pass_saturation_fail_settled_window|FAIL_pass_rail_fail_angle_fail_velocity_pass_cart_pass_saturation_fail_settled_window|FAIL_fail_rail_fail_angle_fail_velocity_pass_cart_pass_saturation_fail_settled_window|FAIL_fail_rail_fail_angle_fail_velocity_pass_cart_pass_saturation_fail_settled_window|FAIL_fail_rail_fail_angle_fail_velocity_fail_cart_pass_saturation_fail_settled_window|FAIL_fail_rail_fail_angle_fail_velocity_fail_cart_pass_saturation_fail_settled_window|FAIL_pass_rail_fail_angle_fail_velocity_pass_cart_pass_saturation_fail_settled_window|FAIL_fail_rail_fail_angle_fail_velocity_pass_cart_pass_saturation_fail_settled_window|FAIL_fail_rail_fail_angle_fail_velocity_pass_cart_pass_saturation_fail_settled_window|FAIL_fail_rail_fail_angle_fail_velocity_pass_cart_pass_saturation_fail_settled_window|FAIL_fail_rail_fail_angle_pass_velocity_pass_cart_pass_saturation_fail_settled_window|FAIL_fail_rail_fail_angle_fail_velocity_fail_cart_pass_saturation_fail_settled_window|FAIL_fail_rail_fail_angle_fail_velocity_pass_cart_pass_saturation_fail_settled_window|FAIL_fail_rail_fail_angle_fail_velocity_pass_cart_pass_saturation_fail_settled_window|FAIL_fail_rail_fail_angle_fail_velocity_pass_cart_pass_saturation_fail_settled_window|FAIL_fail_rail_fail_angle_fail_velocity_fail_cart_pass_saturation_fail_settled_window
9,after_full_switching,up_up,link2_ratio0.25_right_1N,2,0.25,right,1,0.08,1,0.83,0,PASS,6.13634647136344e-06,1.6821328553068e-05,1.12641771493561e-05,0.162369443512123,0.897595614162646,0.765495041267198,9.33212904729373,1.1249999036512,1,1,1,1,1,1,0.0484371144390818,0.576440217253394,3.14826944024859,0.643654666899362,3.16407245846556,0.243111563434462,traj_cart_safe,-1997.59658697585,0.000153916394169748,0.0999938636535286,PASS,0,1,-1999.32983976505,NaN,BEST50_LOCKED_BASELINE_PASS_VARIANT_traj_cart_safe,0,traj_cart_safe,BEST50_LOCK_PASS_pass_rail_pass_angle_pass_velocity_pass_cart_pass_saturation_pass_settled_window
10,after_full_switching,up_up,link2_ratio0.25_left_1N,2,0.25,left,1,0.08,1,0.83,0,PASS,6.03895013075068e-06,1.66750803378015e-05,1.10077281260559e-05,0.162735475129686,0.924988087633646,0.753517453039978,9.30694325593224,1.12499997607899,1,1,1,1,1,1,0.00135899543959493,-0.617799993525624,3.13306482555128,-0.643945826236262,3.11729553529331,-0.243433570274904,traj_cart_safe,-1997.62120523794,0.000151574009385681,0.0999939610498693,PASS,0,1,-1999.38917270706,NaN,BEST50_LOCKED_BASELINE_PASS_VARIANT_traj_cart_safe,0,traj_cart_safe,BEST50_LOCK_PASS_pass_rail_pass_angle_pass_velocity_pass_cart_pass_saturation_pass_settled_window
11,after_full_switching,up_up,link2_ratio0.50_right_1N,2,0.5,right,1,0.08,1,1.43,0,PASS,5.461977843716e-07,1.12342590591434e-05,4.71033557618694e-06,0.167869004629015,1.42045116139748,0.600489552306284,8.71446813335032,1.14564381304096,1,1,1,1,1,1,0.00961981255653861,-0.354056205205489,3.07937075182885,-1.26107900632245,3.11363124886822,-0.339514944514761,traj_cart_safe,-1997.3377365637,2.95665621033241e-05,0.0999994538022156,PASS,0,1,-1997.04099818219,NaN,BEST50_LOCKED_BASELINE_PASS_VARIANT_traj_cart_safe,0,traj_cart_safe,BEST50_LOCK_PASS_pass_rail_pass_angle_pass_velocity_pass_cart_pass_saturation_pass_settled_window
12,after_full_switching,up_up,link2_ratio0.50_left_1N,2,0.5,left,1,0.08,1,1.45,0,PASS,4.50565736518819e-07,1.11394675993709e-05,4.97155284530763e-06,0.165135775993132,1.40886017525015,0.590683467706313,8.72280517377065,1.14564389764267,1,1,1,1,1,1,0.0401727238294447,0.312701225928284,3.20195710489515,1.26088354111928,3.1677361480468,0.339062724678568,traj_cart_safe,-1997.33789386159,2.77307015203324e-05,0.0999995494342635,PASS,0,1,-1997.03436557226,NaN,BEST50_LOCKED_BASELINE_PASS_VARIANT_traj_cart_safe,0,traj_cart_safe,BEST50_LOCK_PASS_pass_rail_pass_angle_pass_velocity_pass_cart_pass_saturation_pass_settled_window
13,after_full_switching,up_up,link2_ratio0.75_right_1N,2,0.75,right,1,0.08,0,NaN,0.104302477183833,FINAL_STATE_OUTSIDE_RECOVERY_GATE|CART_RAIL_LIMIT_EXCEEDED|NO_SETTLED_RECOVERY_WINDOW,0.517099865909149,4.45806597616328,1.32765530207368,4.395323616873,31.5972449558981,2.51837394837006,15,1.17924750791852,1,1,0,0,1,0,-0.0234291871600642,-1.18716048285951,3.02541137135753,-2.89940278708937,3.058195932595,-1.02698242020615,terminal_upup_l2_high_contact,10620340.123221,19.2038837288929,-0.88951649404082,FINAL_STATE_OUTSIDE_RECOVERY_GATE,1,1,10652208.6957665,10620340.123221,NO_TRAJ_CANDIDATE_PASSED_BEST_NONLOCAL_SELECTED_FAIL_fail_rail_fail_angle_fail_velocity_pass_cart_pass_saturation_fail_settled_window,1,local_lqr|ss_hs11_g01|ss_hs11_g02|ss_hs11_g03|ss_hs11_g04|ss_hs11_g05|ss_hs11_g06|ss_hs11_g07|ss_hs11_g08|ss_hs11_g09|ss_hs11_g10|ss_hs11_g11|ss_hs11_g12|ss_hs11_g13|ss_hs11_g14|ss_hs11_g15|ss_hs11_g16|ss_hs11_g17|ss_hs11_g18|ss_hs11_railclamp|ss_hs11_anglecatch|ss_hs11_latehandoff|lib_after_upup_l2_r075_right_pre_railangle|lib_after_upup_l2_r075_right_ratekill|lib_after_upup_l2_r075_right_railbarrier|upup_force_l2_ratio075_autotune|upup_force_l2_ratio075_railphase|upup_force_l2_ratio075_ratekill|upup_phase_l2_ratio075|upup_phase_energy_sweep|upup_phase_after_switch|upup_force_after_switch_autotune|upup_phase_rail_guard|hard_catch_upup_l2_high_contact|hard_catch_upup_l1_ratio1|hard_catch_energy_angle|roa_traj_tvlqr_nominal|traj_cart_safe|terminal_upup_l2_high_contact|terminal_upup_l1_ratio1|emergency_rail_safe_takeover|upup_force_l2_ratio100_autotune|upup_force_l1_ratio100_autotune|upup_force_l2_ratio100_ratekill|upup_force_l1_ratio100_ratekill|upup_phase_l2_ratio100|upup_phase_l1_ratio100|hard_catch_rail_barrier,LOCAL_BASELINE|FAIL_fail_rail_fail_angle_fail_velocity_pass_cart_pass_saturation_fail_settled_window|FAIL_fail_rail_fail_angle_fail_velocity_pass_cart_pass_saturation_fail_settled_window|FAIL_fail_rail_fail_angle_fail_velocity_pass_cart_pass_saturation_fail_settled_window|FAIL_fail_rail_fail_angle_fail_velocity_pass_cart_pass_saturation_fail_settled_window|FAIL_fail_rail_fail_angle_fail_velocity_fail_cart_pass_saturation_fail_settled_window|FAIL_fail_rail_fail_angle_fail_velocity_fail_cart_pass_saturation_fail_settled_window|FAIL_fail_rail_fail_angle_fail_velocity_pass_cart_pass_saturation_fail_settled_window|FAIL_fail_rail_fail_angle_fail_velocity_pass_cart_pass_saturation_fail_settled_window|FAIL_fail_rail_fail_angle_fail_velocity_pass_cart_pass_saturation_fail_settled_window|FAIL_fail_rail_fail_angle_fail_velocity_pass_cart_pass_saturation_fail_settled_window|FAIL_fail_rail_fail_angle_fail_velocity_pass_cart_pass_saturation_fail_settled_window|FAIL_fail_rail_fail_angle_fail_velocity_fail_cart_pass_saturation_fail_settled_window|FAIL_fail_rail_fail_angle_fail_velocity_pass_cart_pass_saturation_fail_settled_window|FAIL_fail_rail_fail_angle_fail_velocity_pass_cart_pass_saturation_fail_settled_window|FAIL_fail_rail_fail_angle_fail_velocity_pass_cart_pass_saturation_fail_settled_window|FAIL_fail_rail_fail_angle_fail_velocity_fail_cart_pass_saturation_fail_settled_window|FAIL_fail_rail_fail_angle_fail_velocity_fail_cart_pass_saturation_fail_settled_window|FAIL_fail_rail_fail_angle_fail_velocity_pass_cart_pass_saturation_fail_settled_window|FAIL_fail_rail_fail_angle_fail_velocity_fail_cart_pass_saturation_fail_settled_window|FAIL_fail_rail_fail_angle_fail_velocity_fail_cart_pass_saturation_fail_settled_window|FAIL_fail_rail_fail_angle_fail_velocity_pass_cart_pass_saturation_fail_settled_window|FAIL_fail_rail_fail_angle_fail_velocity_pass_cart_pass_saturation_fail_settled_window|FAIL_fail_rail_fail_angle_fail_velocity_pass_cart_pass_saturation_fail_settled_window|FAIL_fail_rail_fail_angle_fail_velocity_pass_cart_pass_saturation_fail_settled_window|FAIL_fail_rail_fail_angle_fail_velocity_fail_cart_pass_saturation_fail_settled_window|FAIL_fail_rail_fail_angle_fail_velocity_fail_cart_pass_saturation_fail_settled_window|FAIL_fail_rail_fail_angle_fail_velocity_pass_cart_pass_saturation_fail_settled_window|FAIL_fail_rail_fail_angle_fail_velocity_pass_cart_pass_saturation_fail_settled_window|FAIL_fail_rail_fail_angle_fail_velocity_pass_cart_pass_saturation_fail_settled_window|FAIL_fail_rail_fail_angle_fail_velocity_pass_cart_pass_saturation_fail_settled_window|FAIL_fail_rail_fail_angle_fail_velocity_pass_cart_pass_saturation_fail_settled_window|FAIL_fail_rail_fail_angle_fail_velocity_pass_cart_pass_saturation_fail_settled_window|FAIL_fail_rail_fail_angle_fail_velocity_pass_cart_pass_saturation_fail_settled_window|FAIL_fail_rail_fail_angle_fail_velocity_pass_cart_pass_saturation_fail_settled_window|FAIL_fail_rail_fail_angle_fail_velocity_pass_cart_pass_saturation_fail_settled_window|FAIL_fail_rail_fail_angle_fail_velocity_pass_cart_fail_saturation_fail_settled_window|FAIL_fail_rail_fail_angle_fail_velocity_fail_cart_pass_saturation_fail_settled_window|FAIL_fail_rail_fail_angle_fail_velocity_pass_cart_pass_saturation_fail_settled_window|FAIL_fail_rail_fail_angle_fail_velocity_fail_cart_pass_saturation_fail_settled_window|FAIL_fail_rail_fail_angle_fail_velocity_pass_cart_pass_saturation_fail_settled_window|FAIL_fail_rail_fail_angle_fail_velocity_pass_cart_pass_saturation_fail_settled_window|FAIL_fail_rail_fail_angle_fail_velocity_pass_cart_pass_saturation_fail_settled_window|FAIL_fail_rail_fail_angle_fail_velocity_pass_cart_pass_saturation_fail_settled_window|FAIL_fail_rail_fail_angle_fail_velocity_pass_cart_pass_saturation_fail_settled_window|FAIL_fail_rail_fail_angle_fail_velocity_pass_cart_pass_saturation_fail_settled_window|FAIL_fail_rail_fail_angle_fail_velocity_pass_cart_pass_saturation_fail_settled_window|FAIL_fail_rail_fail_angle_fail_velocity_pass_cart_pass_saturation_fail_settled_window
14,after_full_switching,up_up,link2_ratio0.75_left_1N,2,0.75,left,1,0.08,0,NaN,0.131681877444589,FINAL_STATE_OUTSIDE_RECOVERY_GATE|CART_RAIL_LIMIT_EXCEEDED|NO_SETTLED_RECOVERY_WINDOW,4.10213646371274,8.31360251474279,0.81940314238282,4.39153322278001,32.009411158655,2.37542791488742,15,1.17924752225835,1,1,0,0,1,0,0.0731865771146972,1.14452608908327,3.25582626890211,2.8960390238719,3.22320885848144,1.02769249581505,terminal_upup_l1_ratio1,10622016.3556315,95.4985553604854,-4.00213646371274,FINAL_STATE_OUTSIDE_RECOVERY_GATE,1,1,10651110.8396545,10620364.5114145,NO_TRAJ_CANDIDATE_PASSED_BEST_NONLOCAL_SELECTED_FAIL_fail_rail_fail_angle_fail_velocity_pass_cart_pass_saturation_fail_settled_window,1,local_lqr|ss_hs12_g01|ss_hs12_g02|ss_hs12_g03|ss_hs12_g04|ss_hs12_g05|ss_hs12_g06|ss_hs12_g07|ss_hs12_g08|ss_hs12_g09|ss_hs12_g10|ss_hs12_g11|ss_hs12_g12|ss_hs12_g13|ss_hs12_g14|ss_hs12_g15|ss_hs12_g16|ss_hs12_g17|ss_hs12_g18|ss_hs12_railclamp|ss_hs12_anglecatch|ss_hs12_latehandoff|lib_after_upup_l2_r075_left_pre_railangle|lib_after_upup_l2_r075_left_ratekill|lib_after_upup_l2_r075_left_railbarrier|upup_force_l2_ratio075_autotune|upup_force_l2_ratio075_railphase|upup_force_l2_ratio075_ratekill|upup_phase_l2_ratio075|upup_phase_energy_sweep|upup_phase_after_switch|upup_force_after_switch_autotune|upup_phase_rail_guard|hard_catch_upup_l2_high_contact|hard_catch_upup_l1_ratio1|hard_catch_energy_angle|roa_traj_tvlqr_nominal|traj_cart_safe|terminal_upup_l2_high_contact|terminal_upup_l1_ratio1|emergency_rail_safe_takeover|upup_force_l2_ratio100_autotune|upup_force_l1_ratio100_autotune|upup_force_l2_ratio100_ratekill|upup_force_l1_ratio100_ratekill|upup_phase_l2_ratio100|upup_phase_l1_ratio100|hard_catch_rail_barrier,LOCAL_BASELINE|FAIL_fail_rail_fail_angle_fail_velocity_pass_cart_pass_saturation_fail_settled_window|FAIL_fail_rail_fail_angle_fail_velocity_pass_cart_pass_saturation_fail_settled_window|FAIL_fail_rail_fail_angle_fail_velocity_pass_cart_pass_saturation_fail_settled_window|FAIL_fail_rail_fail_angle_fail_velocity_pass_cart_pass_saturation_fail_settled_window|FAIL_fail_rail_fail_angle_fail_velocity_pass_cart_pass_saturation_fail_settled_window|FAIL_fail_rail_fail_angle_fail_velocity_pass_cart_pass_saturation_fail_settled_window|FAIL_fail_rail_fail_angle_fail_velocity_pass_cart_pass_saturation_fail_settled_window|FAIL_fail_rail_fail_angle_fail_velocity_pass_cart_pass_saturation_fail_settled_window|FAIL_fail_rail_fail_angle_fail_velocity_pass_cart_pass_saturation_fail_settled_window|FAIL_fail_rail_fail_angle_fail_velocity_pass_cart_pass_saturation_fail_settled_window|FAIL_fail_rail_fail_angle_fail_velocity_pass_cart_pass_saturation_fail_settled_window|FAIL_fail_rail_fail_angle_fail_velocity_pass_cart_pass_saturation_fail_settled_window|FAIL_fail_rail_fail_angle_fail_velocity_pass_cart_pass_saturation_fail_settled_window|FAIL_fail_rail_fail_angle_fail_velocity_pass_cart_pass_saturation_fail_settled_window|FAIL_fail_rail_fail_angle_fail_velocity_pass_cart_pass_saturation_fail_settled_window|FAIL_fail_rail_fail_angle_fail_velocity_pass_cart_pass_saturation_fail_settled_window|FAIL_fail_rail_fail_angle_fail_velocity_fail_cart_pass_saturation_fail_settled_window|FAIL_fail_rail_fail_angle_fail_velocity_pass_cart_pass_saturation_fail_settled_window|FAIL_fail_rail_fail_angle_fail_velocity_pass_cart_pass_saturation_fail_settled_window|FAIL_fail_rail_fail_angle_fail_velocity_pass_cart_pass_saturation_fail_settled_window|FAIL_fail_rail_fail_angle_fail_velocity_pass_cart_pass_saturation_fail_settled_window|FAIL_fail_rail_fail_angle_fail_velocity_fail_cart_pass_saturation_fail_settled_window|FAIL_fail_rail_fail_angle_fail_velocity_fail_cart_pass_saturation_fail_settled_window|FAIL_fail_rail_fail_angle_fail_velocity_fail_cart_pass_saturation_fail_settled_window|FAIL_fail_rail_fail_angle_fail_velocity_pass_cart_pass_saturation_fail_settled_window|FAIL_fail_rail_fail_angle_fail_velocity_pass_cart_pass_saturation_fail_settled_window|FAIL_fail_rail_fail_angle_fail_velocity_fail_cart_pass_saturation_fail_settled_window|FAIL_fail_rail_fail_angle_fail_velocity_pass_cart_pass_saturation_fail_settled_window|FAIL_fail_rail_fail_angle_fail_velocity_pass_cart_pass_saturation_fail_settled_window|FAIL_fail_rail_fail_angle_fail_velocity_pass_cart_pass_saturation_fail_settled_window|FAIL_fail_rail_fail_angle_fail_velocity_pass_cart_pass_saturation_fail_settled_window|FAIL_fail_rail_fail_angle_fail_velocity_fail_cart_pass_saturation_fail_settled_window|FAIL_fail_rail_fail_angle_fail_velocity_pass_cart_pass_saturation_fail_settled_window|FAIL_fail_rail_fail_angle_fail_velocity_pass_cart_pass_saturation_fail_settled_window|FAIL_fail_rail_fail_angle_fail_velocity_pass_cart_pass_saturation_fail_settled_window|FAIL_fail_rail_fail_angle_fail_velocity_fail_cart_pass_saturation_fail_settled_window|FAIL_fail_rail_fail_angle_fail_velocity_fail_cart_pass_saturation_fail_settled_window|FAIL_fail_rail_fail_angle_fail_velocity_pass_cart_pass_saturation_fail_settled_window|FAIL_fail_rail_fail_angle_fail_velocity_pass_cart_pass_saturation_fail_settled_window|FAIL_fail_rail_fail_angle_fail_velocity_pass_cart_pass_saturation_fail_settled_window|FAIL_fail_rail_fail_angle_fail_velocity_pass_cart_pass_saturation_fail_settled_window|FAIL_fail_rail_fail_angle_fail_velocity_pass_cart_pass_saturation_fail_settled_window|FAIL_fail_rail_fail_angle_fail_velocity_fail_cart_pass_saturation_fail_settled_window|FAIL_fail_rail_fail_angle_fail_velocity_pass_cart_pass_saturation_fail_settled_window|FAIL_fail_rail_fail_angle_fail_velocity_pass_cart_pass_saturation_fail_settled_window|FAIL_fail_rail_fail_angle_fail_velocity_pass_cart_pass_saturation_fail_settled_window|FAIL_fail_rail_fail_angle_fail_velocity_pass_cart_pass_saturation_fail_settled_window
15,after_full_switching,up_up,link2_ratio1.00_right_1N,2,1,right,1,0.08,0,NaN,0.168622338113864,FINAL_STATE_OUTSIDE_RECOVERY_GATE|CART_RAIL_LIMIT_EXCEEDED|NO_SETTLED_RECOVERY_WINDOW,3.45946991344092,3.77626045793263,1.83461767573797,4.41736345716855,36.9743332338645,2.37213809370796,15,1.22474470765718,1,1,0,0,1,0,-0.0297038126280467,-1.2623739587357,3.04110845140382,-2.54691604860218,2.97874262291966,-2.41491483316593,ss_hs13_g16,10621656.879068,77.4723361380097,-3.35946991344092,FINAL_STATE_OUTSIDE_RECOVERY_GATE,1,1,10651468.3835471,10620332.9249626,NO_TRAJ_CANDIDATE_PASSED_BEST_NONLOCAL_SELECTED_FAIL_fail_rail_fail_angle_fail_velocity_fail_cart_pass_saturation_fail_settled_window,1,local_lqr|ss_hs13_g01|ss_hs13_g02|ss_hs13_g03|ss_hs13_g04|ss_hs13_g05|ss_hs13_g06|ss_hs13_g07|ss_hs13_g08|ss_hs13_g09|ss_hs13_g10|ss_hs13_g11|ss_hs13_g12|ss_hs13_g13|ss_hs13_g14|ss_hs13_g15|ss_hs13_g16|ss_hs13_g17|ss_hs13_g18|ss_hs13_railclamp|ss_hs13_anglecatch|ss_hs13_latehandoff|lib_after_upup_l2_r100_right_pre_railangle|lib_after_upup_l2_r100_right_ratekill|lib_after_upup_l2_r100_right_longcatch|upup_force_l2_ratio100_autotune|upup_force_l2_ratio100_railphase|upup_force_l2_ratio100_ratekill|upup_phase_l2_ratio100|upup_phase_energy_sweep|upup_phase_after_switch|upup_force_after_switch_autotune|upup_phase_rail_guard|hard_catch_upup_l2_high_contact|hard_catch_upup_l1_ratio1|hard_catch_energy_angle|roa_traj_tvlqr_nominal|traj_cart_safe|terminal_upup_l2_high_contact|terminal_upup_l1_ratio1|emergency_rail_safe_takeover|upup_force_l2_ratio075_autotune|upup_force_l1_ratio100_autotune|upup_force_l2_ratio075_ratekill|upup_force_l1_ratio100_ratekill|upup_phase_l2_ratio075|upup_phase_l1_ratio100|hard_catch_rail_barrier,LOCAL_BASELINE|FAIL_fail_rail_fail_angle_fail_velocity_pass_cart_pass_saturation_fail_settled_window|FAIL_fail_rail_fail_angle_fail_velocity_pass_cart_pass_saturation_fail_settled_window|FAIL_fail_rail_fail_angle_fail_velocity_pass_cart_pass_saturation_fail_settled_window|FAIL_fail_rail_fail_angle_fail_velocity_fail_cart_pass_saturation_fail_settled_window|FAIL_fail_rail_fail_angle_fail_velocity_fail_cart_pass_saturation_fail_settled_window|FAIL_fail_rail_fail_angle_fail_velocity_fail_cart_pass_saturation_fail_settled_window|FAIL_fail_rail_fail_angle_fail_velocity_pass_cart_pass_saturation_fail_settled_window|FAIL_fail_rail_fail_angle_fail_velocity_pass_cart_pass_saturation_fail_settled_window|FAIL_fail_rail_fail_angle_fail_velocity_fail_cart_pass_saturation_fail_settled_window|FAIL_fail_rail_fail_angle_fail_velocity_pass_cart_pass_saturation_fail_settled_window|FAIL_fail_rail_fail_angle_fail_velocity_pass_cart_pass_saturation_fail_settled_window|FAIL_fail_rail_fail_angle_fail_velocity_fail_cart_pass_saturation_fail_settled_window|FAIL_fail_rail_fail_angle_fail_velocity_pass_cart_pass_saturation_fail_settled_window|FAIL_fail_rail_fail_angle_fail_velocity_fail_cart_pass_saturation_fail_settled_window|FAIL_fail_rail_fail_angle_fail_velocity_pass_cart_pass_saturation_fail_settled_window|FAIL_fail_rail_fail_angle_fail_velocity_fail_cart_pass_saturation_fail_settled_window|FAIL_fail_rail_fail_angle_fail_velocity_pass_cart_pass_saturation_fail_settled_window|FAIL_fail_rail_fail_angle_fail_velocity_pass_cart_pass_saturation_fail_settled_window|FAIL_fail_rail_fail_angle_fail_velocity_pass_cart_pass_saturation_fail_settled_window|FAIL_fail_rail_fail_angle_fail_velocity_pass_cart_pass_saturation_fail_settled_window|FAIL_fail_rail_fail_angle_fail_velocity_pass_cart_pass_saturation_fail_settled_window|FAIL_fail_rail_fail_angle_fail_velocity_pass_cart_pass_saturation_fail_settled_window|FAIL_fail_rail_fail_angle_fail_velocity_fail_cart_pass_saturation_fail_settled_window|FAIL_fail_rail_fail_angle_fail_velocity_pass_cart_pass_saturation_fail_settled_window|FAIL_fail_rail_fail_angle_fail_velocity_fail_cart_pass_saturation_fail_settled_window|FAIL_fail_rail_fail_angle_fail_velocity_pass_cart_pass_saturation_fail_settled_window|FAIL_fail_rail_fail_angle_fail_velocity_pass_cart_pass_saturation_fail_settled_window|FAIL_fail_rail_fail_angle_fail_velocity_pass_cart_pass_saturation_fail_settled_window|FAIL_fail_rail_fail_angle_fail_velocity_pass_cart_pass_saturation_fail_settled_window|FAIL_fail_rail_fail_angle_fail_velocity_pass_cart_pass_saturation_fail_settled_window|FAIL_fail_rail_fail_angle_fail_velocity_pass_cart_pass_saturation_fail_settled_window|FAIL_fail_rail_fail_angle_fail_velocity_pass_cart_pass_saturation_fail_settled_window|FAIL_fail_rail_fail_angle_fail_velocity_pass_cart_pass_saturation_fail_settled_window|FAIL_fail_rail_fail_angle_fail_velocity_pass_cart_pass_saturation_fail_settled_window|FAIL_fail_rail_fail_angle_fail_velocity_pass_cart_pass_saturation_fail_settled_window|FAIL_fail_rail_fail_angle_fail_velocity_pass_cart_pass_saturation_fail_settled_window|FAIL_fail_rail_fail_angle_fail_velocity_pass_cart_fail_saturation_fail_settled_window|FAIL_fail_rail_fail_angle_fail_velocity_pass_cart_pass_saturation_fail_settled_window|FAIL_fail_rail_fail_angle_fail_velocity_pass_cart_pass_saturation_fail_settled_window|FAIL_fail_rail_fail_angle_fail_velocity_fail_cart_pass_saturation_fail_settled_window|FAIL_fail_rail_fail_angle_fail_velocity_pass_cart_pass_saturation_fail_settled_window|FAIL_fail_rail_fail_angle_fail_velocity_pass_cart_pass_saturation_fail_settled_window|FAIL_fail_rail_fail_angle_fail_velocity_pass_cart_pass_saturation_fail_settled_window|FAIL_fail_rail_fail_angle_fail_velocity_pass_cart_pass_saturation_fail_settled_window|FAIL_fail_rail_fail_angle_fail_velocity_fail_cart_pass_saturation_fail_settled_window|FAIL_fail_rail_fail_angle_fail_velocity_pass_cart_pass_saturation_fail_settled_window|FAIL_fail_rail_fail_angle_fail_velocity_pass_cart_pass_saturation_fail_settled_window
16,after_full_switching,up_up,link2_ratio1.00_left_1N,2,1,left,1,0.08,0,20.75,0.149065623641895,CART_RAIL_LIMIT_EXCEEDED,0.0448153973701655,0.235769959867046,0.0692417196654092,4.33739205912776,40.3215761204274,2.51691389750201,15,1.22474470765718,1,1,1,0,1,1,0.0794291448235579,1.21927164661574,3.24003444492035,2.54186715941684,3.30271877184198,2.41715111153948,ss_hs14_anglecatch,10500041.6400973,3.25936185077449,-0.566913897502014,CART_RAIL_LIMIT_EXCEEDED,1,1,10651293.3169922,121616.180728174,NO_TRAJ_CANDIDATE_PASSED_BEST_NONLOCAL_SELECTED_FAIL_fail_rail_pass_angle_pass_velocity_pass_cart_pass_saturation_pass_settled_window,1,local_lqr|targeted_railclamp_hs14|ss_hs14_g01|ss_hs14_g02|ss_hs14_g03|ss_hs14_g04|ss_hs14_g05|ss_hs14_g06|ss_hs14_g07|ss_hs14_g08|ss_hs14_g09|ss_hs14_g10|ss_hs14_g11|ss_hs14_g12|ss_hs14_g13|ss_hs14_g14|ss_hs14_g15|ss_hs14_g16|ss_hs14_g17|ss_hs14_g18|ss_hs14_railclamp|ss_hs14_anglecatch|ss_hs14_latehandoff|lib_after_upup_l2_r100_left_pre_railangle|lib_after_upup_l2_r100_left_ratekill|lib_after_upup_l2_r100_left_longcatch|upup_force_l2_ratio100_autotune|upup_force_l2_ratio100_railphase|upup_force_l2_ratio100_ratekill|upup_phase_l2_ratio100|upup_phase_energy_sweep|upup_phase_after_switch|upup_force_after_switch_autotune|upup_phase_rail_guard|hard_catch_upup_l2_high_contact|hard_catch_upup_l1_ratio1|hard_catch_energy_angle|roa_traj_tvlqr_nominal|traj_cart_safe|terminal_upup_l2_high_contact|terminal_upup_l1_ratio1|emergency_rail_safe_takeover|upup_force_l2_ratio075_autotune|upup_force_l1_ratio100_autotune|upup_force_l2_ratio075_ratekill|upup_force_l1_ratio100_ratekill|upup_phase_l2_ratio075|upup_phase_l1_ratio100|hard_catch_rail_barrier,LOCAL_BASELINE|FAIL_fail_rail_fail_angle_fail_velocity_pass_cart_pass_saturation_fail_settled_window|FAIL_fail_rail_fail_angle_fail_velocity_pass_cart_pass_saturation_fail_settled_window|FAIL_fail_rail_fail_angle_fail_velocity_pass_cart_pass_saturation_fail_settled_window|FAIL_fail_rail_fail_angle_fail_velocity_pass_cart_pass_saturation_fail_settled_window|FAIL_fail_rail_fail_angle_fail_velocity_fail_cart_pass_saturation_fail_settled_window|FAIL_fail_rail_fail_angle_fail_velocity_pass_cart_pass_saturation_fail_settled_window|FAIL_fail_rail_fail_angle_fail_velocity_fail_cart_pass_saturation_fail_settled_window|FAIL_fail_rail_fail_angle_fail_velocity_pass_cart_pass_saturation_fail_settled_window|FAIL_fail_rail_fail_angle_fail_velocity_fail_cart_pass_saturation_fail_settled_window|FAIL_fail_rail_fail_angle_fail_velocity_pass_cart_pass_saturation_fail_settled_window|FAIL_fail_rail_fail_angle_fail_velocity_pass_cart_pass_saturation_fail_settled_window|FAIL_fail_rail_fail_angle_fail_velocity_fail_cart_pass_saturation_fail_settled_window|FAIL_fail_rail_fail_angle_fail_velocity_pass_cart_pass_saturation_fail_settled_window|FAIL_fail_rail_fail_angle_fail_velocity_pass_cart_pass_saturation_fail_settled_window|FAIL_fail_rail_fail_angle_fail_velocity_pass_cart_pass_saturation_fail_settled_window|FAIL_fail_rail_fail_angle_fail_velocity_pass_cart_pass_saturation_fail_settled_window|FAIL_fail_rail_fail_angle_fail_velocity_pass_cart_pass_saturation_fail_settled_window|FAIL_fail_rail_fail_angle_fail_velocity_pass_cart_pass_saturation_fail_settled_window|FAIL_fail_rail_fail_angle_fail_velocity_pass_cart_pass_saturation_fail_settled_window|FAIL_fail_rail_fail_angle_fail_velocity_pass_cart_pass_saturation_fail_settled_window|FAIL_fail_rail_pass_angle_pass_velocity_pass_cart_pass_saturation_pass_settled_window|FAIL_fail_rail_fail_angle_fail_velocity_pass_cart_pass_saturation_fail_settled_window|FAIL_fail_rail_fail_angle_fail_velocity_fail_cart_pass_saturation_fail_settled_window|FAIL_fail_rail_fail_angle_fail_velocity_pass_cart_pass_saturation_fail_settled_window|FAIL_fail_rail_fail_angle_fail_velocity_pass_cart_pass_saturation_fail_settled_window|FAIL_pass_rail_fail_angle_fail_velocity_pass_cart_pass_saturation_fail_settled_window|FAIL_fail_rail_fail_angle_fail_velocity_pass_cart_pass_saturation_fail_settled_window|FAIL_pass_rail_fail_angle_fail_velocity_pass_cart_pass_saturation_fail_settled_window|FAIL_fail_rail_fail_angle_fail_velocity_pass_cart_pass_saturation_fail_settled_window|FAIL_fail_rail_fail_angle_fail_velocity_fail_cart_pass_saturation_fail_settled_window|FAIL_fail_rail_fail_angle_fail_velocity_fail_cart_pass_saturation_fail_settled_window|FAIL_fail_rail_fail_angle_fail_velocity_pass_cart_pass_saturation_fail_settled_window|FAIL_fail_rail_fail_angle_fail_velocity_fail_cart_pass_saturation_fail_settled_window|FAIL_fail_rail_fail_angle_fail_velocity_pass_cart_pass_saturation_fail_settled_window|FAIL_fail_rail_fail_angle_fail_velocity_pass_cart_pass_saturation_fail_settled_window|FAIL_fail_rail_fail_angle_fail_velocity_pass_cart_pass_saturation_fail_settled_window|FAIL_fail_rail_fail_angle_fail_velocity_fail_cart_fail_saturation_fail_settled_window|FAIL_fail_rail_pass_angle_pass_velocity_pass_cart_pass_saturation_pass_settled_window|FAIL_fail_rail_fail_angle_fail_velocity_fail_cart_pass_saturation_fail_settled_window|FAIL_fail_rail_fail_angle_fail_velocity_fail_cart_pass_saturation_fail_settled_window|FAIL_fail_rail_fail_angle_fail_velocity_pass_cart_pass_saturation_fail_settled_window|FAIL_fail_rail_fail_angle_fail_velocity_fail_cart_pass_saturation_fail_settled_window|FAIL_fail_rail_fail_angle_fail_velocity_fail_cart_pass_saturation_fail_settled_window|FAIL_fail_rail_fail_angle_fail_velocity_pass_cart_pass_saturation_fail_settled_window|FAIL_fail_rail_fail_angle_fail_velocity_fail_cart_pass_saturation_fail_settled_window|FAIL_fail_rail_fail_angle_fail_velocity_pass_cart_pass_saturation_fail_settled_window|FAIL_fail_rail_fail_angle_fail_velocity_fail_cart_pass_saturation_fail_settled_window|FAIL_fail_rail_fail_angle_fail_velocity_fail_cart_pass_saturation_fail_settled_window
